# addr	mode	name  (STT_FUNC from a byte-matching decomp ELF; blank name = let the finder synthesise one)
0x10000A84	thumb	func_8000A84
0x10000B1C	thumb	func_8000B1C
0x100033BC	thumb	func_80033BC
0x10003428	thumb	func_8003428
0x10003980	thumb	func_8003980
0x10003A18	thumb	func_8003A18
0x10003BF0	thumb	func_8003BF0
0x10003C70	thumb	func_8003C70
0x10003C90	thumb	func_8003C90
0x10003DC4	thumb	func_8003DC4
0x10003F88	thumb	func_8003F88
0x10004070	thumb	func_8004070
0x10004244	thumb	func_8004244
0x100042F0	thumb	func_80042F0
0x10004350	thumb	func_8004350
0x10004478	thumb	func_8004478
0x1000450C	thumb	func_800450C
0x100046D8	thumb	func_80046D8
0x100047B8	thumb	func_80047B8
0x10004B14	thumb	func_8004B14
0x10004BFC	thumb	func_8004BFC
0x10005374	thumb	func_8005374
0x1000542C	thumb	func_800542C
0x10005500	thumb	func_8005500
0x100057BC	thumb	func_80057BC
0x100058AC	thumb	func_80058AC
0x10005CA4	thumb	func_8005CA4
0x10005CC0	thumb	func_8005CC0
0x10005F1C	thumb	func_8005F1C
0x10006478	thumb	func_8006478
0x10006680	thumb	func_8006680
0x100067BC	thumb	func_80067BC
0x10006E00	thumb	func_8006E00
0x10006FA0	thumb	func_8006FA0
0x100077C4	thumb	func_80077C4
0x10007890	thumb	func_8007890
0x10007970	thumb	func_8007970
0x100079F8	thumb	func_80079F8
0x10007A6C	thumb	func_8007A6C
0x10007B14	thumb	func_8007B14
0x10007C30	thumb	func_8007C30
0x100088DC	thumb	func_80088DC
0x10008900	thumb	func_8008900
0x10008ACC	thumb	func_8008ACC
0x10008B20	thumb	func_8008B20
0x10009B38	thumb	func_8009B38
0x10009DD8	thumb	func_8009DD8
0x1000A010	thumb	func_800A010
0x1000A094	thumb	func_800A094
0x1000A180	thumb	func_800A180
0x1000A360	thumb	func_800A360
0x1000A3B8	thumb	func_800A3B8
0x1000A3F8	thumb	func_800A3F8
0x1000A43C	thumb	func_800A43C
0x1000AFDC	thumb	func_800AFDC
0x1000B15C	thumb	func_800B15C
0x1000B280	thumb	func_800B280
0x1000B398	thumb	func_800B398
0x1000B4C0	thumb	func_800B4C0
0x1000B580	thumb	func_800B580
0x1000B5A4	thumb	func_800B5A4
0x1000B5E4	thumb	func_800B5E4
0x1000B684	thumb	func_800B684
0x1000B6C0	thumb	func_800B6C0
0x1000B734	thumb	func_800B734
0x1000B7BC	thumb	func_800B7BC
0x1000B7E0	thumb	func_800B7E0
0x1000B804	thumb	func_800B804
0x1000B828	thumb	func_800B828
0x1000B84C	thumb	func_800B84C
0x1000B888	thumb	func_800B888
0x1000B8C4	thumb	func_800B8C4
0x1000B9D0	thumb	func_800B9D0
0x1000BA5C	thumb	func_800BA5C
0x1000BA78	thumb	func_800BA78
0x1000BB10	thumb	func_800BB10
0x1000BB40	thumb	func_800BB40
0x1000BB90	thumb	func_800BB90
0x1000BC04	thumb	func_800BC04
0x1000BC7C	thumb	func_800BC7C
0x1000BCC4	thumb	func_800BCC4
0x1000BD8C	thumb	func_800BD8C
0x1000BDE0	thumb	func_800BDE0
0x1000BE34	thumb	func_800BE34
0x1000BE64	thumb	func_800BE64
0x1000BE94	thumb	func_800BE94
0x1000BEC4	thumb	func_800BEC4
0x1000BF0C	thumb	func_800BF0C
0x1000BF18	thumb	func_800BF18
0x1000BF24	thumb	func_800BF24
0x1000BF30	thumb	func_800BF30
0x1000BF6C	thumb	func_800BF6C
0x1000BFA8	thumb	func_800BFA8
0x1000BFF0	thumb	func_800BFF0
0x1000C020	thumb	func_800C020
0x1000C05C	thumb	func_800C05C
0x1000C098	thumb	func_800C098
0x1000C11C	thumb	func_800C11C
0x1000C128	thumb	func_800C128
0x1000C134	thumb	func_800C134
0x1000C140	thumb	func_800C140
0x1000C14C	thumb	func_800C14C
0x1000C158	thumb	func_800C158
0x1000C164	thumb	func_800C164
0x1000C170	thumb	func_800C170
0x1000C17C	thumb	func_800C17C
0x1000C188	thumb	func_800C188
0x1000C194	thumb	func_800C194
0x1000C1A0	thumb	func_800C1A0
0x1000C1AC	thumb	func_800C1AC
0x1000C1E8	thumb	func_800C1E8
0x1000C224	thumb	func_800C224
0x1000C264	thumb	func_800C264
0x1000C318	thumb	func_800C318
0x1000C358	thumb	func_800C358
0x1000C3B8	thumb	func_800C3B8
0x1000C400	thumb	func_800C400
0x1000C470	thumb	func_800C470
0x1000C568	thumb	func_800C568
0x1000C5B0	thumb	func_800C5B0
0x1000C604	thumb	func_800C604
0x1000C658	thumb	func_800C658
0x1000C6A8	thumb	func_800C6A8
0x1000C6F8	thumb	func_800C6F8
0x1000C704	thumb	func_800C704
0x1000C718	thumb	func_800C718
0x1000C82C	thumb	func_800C82C
0x1000C87C	thumb	func_800C87C
0x1000C8A0	thumb	func_800C8A0
0x1000C930	thumb	func_800C930
0x1000C9AC	thumb	func_800C9AC
0x1000CA20	thumb	func_800CA20
0x1000CA78	thumb	func_800CA78
0x1000CA8C	thumb	func_800CA8C
0x1000CAA0	thumb	func_800CAA0
0x1000CAE0	thumb	func_800CAE0
0x1000CB20	thumb	func_800CB20
0x1000CB5C	thumb	func_800CB5C
0x1000CB98	thumb	func_800CB98
0x1000CC28	thumb	func_800CC28
0x1000CC64	thumb	func_800CC64
0x1000CCA0	thumb	func_800CCA0
0x1000CCDC	thumb	func_800CCDC
0x1000CD30	thumb	func_800CD30
0x1000CD6C	thumb	func_800CD6C
0x1000CDDC	thumb	func_800CDDC
0x1000CE0C	thumb	func_800CE0C
0x1000CE7C	thumb	func_800CE7C
0x1000CEAC	thumb	func_800CEAC
0x1000CF90	thumb	func_800CF90
0x1000CF9C	thumb	func_800CF9C
0x1000CFA8	thumb	func_800CFA8
0x1000CFB4	thumb	func_800CFB4
0x1000CFC0	thumb	func_800CFC0
0x1000D008	thumb	func_800D008
0x1000D074	thumb	func_800D074
0x1000D0BC	thumb	func_800D0BC
0x1000D134	thumb	func_800D134
0x1000D1AC	thumb	func_800D1AC
0x1000D1EC	thumb	func_800D1EC
0x1000D22C	thumb	func_800D22C
0x1000D240	thumb	func_800D240
0x1000D280	thumb	func_800D280
0x1000D2B0	thumb	func_800D2B0
0x1000D324	thumb	func_800D324
0x1000D338	thumb	func_800D338
0x1000D34C	thumb	func_800D34C
0x1000D3C0	thumb	func_800D3C0
0x1000D3F0	thumb	func_800D3F0
0x1000D404	thumb	func_800D404
0x1000D44C	thumb	func_800D44C
0x1000D488	thumb	func_800D488
0x1000D4E8	thumb	func_800D4E8
0x1000D4FC	thumb	func_800D4FC
0x1000D510	thumb	func_800D510
0x1000D540	thumb	func_800D540
0x1000D5A0	thumb	func_800D5A0
0x1000D5F0	thumb	func_800D5F0
0x1000D640	thumb	func_800D640
0x1000D690	thumb	func_800D690
0x1000D6A4	thumb	func_800D6A4
0x1000D6B8	thumb	func_800D6B8
0x1000D6CC	thumb	func_800D6CC
0x1000D6E0	thumb	func_800D6E0
0x1000D708	thumb	func_800D708
0x1000D780	thumb	func_800D780
0x1000D7E0	thumb	func_800D7E0
0x1000D854	thumb	func_800D854
0x1000DA40	thumb	func_800DA40
0x1000DC2C	thumb	func_800DC2C
0x1000DE60	thumb	func_800DE60
0x1000E0CC	thumb	func_800E0CC
0x1000E108	thumb	func_800E108
0x1000E144	thumb	func_800E144
0x1000E174	thumb	func_800E174
0x1000E1C8	thumb	func_800E1C8
0x1000E208	thumb	func_800E208
0x1000E248	thumb	func_800E248
0x1000E288	thumb	func_800E288
0x1000E2C8	thumb	func_800E2C8
0x1000E440	thumb	func_800E440
0x1000E4CC	thumb	func_800E4CC
0x1000E508	thumb	func_800E508
0x1000E594	thumb	func_800E594
0x1000E5F4	thumb	func_800E5F4
0x1000E680	thumb	func_800E680
0x1000E6F8	thumb	func_800E6F8
0x1000E750	thumb	func_800E750
0x1000E7A8	thumb	func_800E7A8
0x1000E808	thumb	func_800E808
0x1000E868	thumb	func_800E868
0x1000E8C8	thumb	func_800E8C8
0x1000E928	thumb	func_800E928
0x1000E984	thumb	func_800E984
0x1000E9E0	thumb	func_800E9E0
0x1000EA3C	thumb	func_800EA3C
0x1000EA98	thumb	func_800EA98
0x1000EAF4	thumb	func_800EAF4
0x1000EB50	thumb	func_800EB50
0x1000EBAC	thumb	func_800EBAC
0x1000EC08	thumb	func_800EC08
0x1000EC64	thumb	func_800EC64
0x1000ECC0	thumb	func_800ECC0
0x1000ED1C	thumb	func_800ED1C
0x1000ED78	thumb	func_800ED78
0x1000EDD4	thumb	func_800EDD4
0x1000EE30	thumb	func_800EE30
0x1000EE8C	thumb	func_800EE8C
0x1000EEE8	thumb	func_800EEE8
0x1000EF44	thumb	func_800EF44
0x1000EFA0	thumb	func_800EFA0
0x1000EFFC	thumb	func_800EFFC
0x1000F058	thumb	func_800F058
0x1000F0B4	thumb	func_800F0B4
0x1000F110	thumb	func_800F110
0x1000F16C	thumb	func_800F16C
0x1000F1C8	thumb	func_800F1C8
0x1000F224	thumb	func_800F224
0x1000F280	thumb	func_800F280
0x1000F2DC	thumb	func_800F2DC
0x1000F338	thumb	func_800F338
0x1000F394	thumb	func_800F394
0x1000F3F0	thumb	func_800F3F0
0x1000F44C	thumb	func_800F44C
0x1000F4A8	thumb	func_800F4A8
0x1000F4F4	thumb	func_800F4F4
0x1000F530	thumb	func_800F530
0x1000F56C	thumb	func_800F56C
0x1000F5A8	thumb	func_800F5A8
0x1000F5E4	thumb	func_800F5E4
0x1000F618	thumb	func_800F618
0x1000F654	thumb	func_800F654
0x1000F690	thumb	func_800F690
0x1000F6CC	thumb	func_800F6CC
0x1000F708	thumb	func_800F708
0x1000F744	thumb	func_800F744
0x1000F780	thumb	func_800F780
0x1000F7BC	thumb	func_800F7BC
0x1000F8A4	thumb	func_800F8A4
0x1000F940	thumb	func_800F940
0x1000F990	thumb	func_800F990
0x1000F9E0	thumb	func_800F9E0
0x1000FA28	thumb	func_800FA28
0x1000FA3C	thumb	func_800FA3C
0x1000FA8C	thumb	func_800FA8C
0x1000FAA0	thumb	func_800FAA0
0x1000FD28	thumb	func_800FD28
0x1000FD90	thumb	func_800FD90
0x1000FDBC	thumb	func_800FDBC
0x1000FE58	thumb	func_800FE58
0x1000FF0C	thumb	func_800FF0C
0x1000FF64	thumb	func_800FF64
0x10010154	thumb	func_8010154
0x100101D0	thumb	func_80101D0
0x10010230	thumb	func_8010230
0x100104A4	thumb	func_80104A4
0x10010554	thumb	func_8010554
0x100107E4	thumb	func_80107E4
0x10010864	thumb	func_8010864
0x10010A38	thumb	func_8010A38
0x10010A9C	thumb	func_8010A9C
0x10010C04	thumb	func_8010C04
0x10010CA0	thumb	func_8010CA0
0x10010D1C	thumb	func_8010D1C
0x10010E48	thumb	func_8010E48
0x10010F14	thumb	func_8010F14
0x10010FA8	thumb	func_8010FA8
0x100110A0	thumb	func_80110A0
0x1001119C	thumb	func_801119C
0x10011240	thumb	func_8011240
0x10011280	thumb	func_8011280
0x100112EC	thumb	func_80112EC
0x10011340	thumb	func_8011340
0x10011390	thumb	func_8011390
0x100113DC	thumb	func_80113DC
0x1001141C	thumb	func_801141C
0x1001145C	thumb	func_801145C
0x10011590	thumb	func_8011590
0x10011650	thumb	func_8011650
0x10011708	thumb	func_8011708
0x10011748	thumb	func_8011748
0x10011780	thumb	func_8011780
0x10011898	thumb	func_8011898
0x1001191C	thumb	func_801191C
0x10011960	thumb	func_8011960
0x100119E0	thumb	func_80119E0
0x10011A60	thumb	func_8011A60
0x10011B04	thumb	func_8011B04
0x10011B8C	thumb	func_8011B8C
0x10011BF4	thumb	func_8011BF4
0x10011C5C	thumb	func_8011C5C
0x10011CB0	thumb	func_8011CB0
0x10011D70	thumb	func_8011D70
0x10011E24	thumb	func_8011E24
0x10011E84	thumb	func_8011E84
0x10011F1C	thumb	func_8011F1C
0x10011FF0	thumb	func_8011FF0
0x100120B4	thumb	func_80120B4
0x10012110	thumb	func_8012110
0x1001215C	thumb	func_801215C
0x100121D8	thumb	func_80121D8
0x10012250	thumb	func_8012250
0x100122A4	thumb	func_80122A4
0x10012360	thumb	func_8012360
0x10012380	thumb	func_8012380
0x100123F0	thumb	func_80123F0
0x10012464	thumb	func_8012464
0x100124A4	thumb	func_80124A4
0x100124E4	thumb	func_80124E4
0x100125A4	thumb	func_80125A4
0x10012614	thumb	func_8012614
0x10012690	thumb	func_8012690
0x10012694	thumb	func_8012694
0x100126A8	thumb	func_80126A8
0x10012730	thumb	func_8012730
0x10012770	thumb	func_8012770
0x100127B0	thumb	func_80127B0
0x100127F0	thumb	func_80127F0
0x10012864	thumb	func_8012864
0x100128A4	thumb	func_80128A4
0x10012914	thumb	func_8012914
0x100129D4	thumb	func_80129D4
0x100129D8	thumb	func_80129D8
0x10012A0C	thumb	func_8012A0C
0x10012A4C	thumb	func_8012A4C
0x10012A8C	thumb	func_8012A8C
0x10012AF4	thumb	func_8012AF4
0x10012BAC	thumb	func_8012BAC
0x10012CC8	thumb	func_8012CC8
0x10012E5C	thumb	func_8012E5C
0x1001318C	thumb	func_801318C
0x10013894	thumb	func_8013894
0x10013A98	thumb	func_8013A98
0x10013D6C	thumb	func_8013D6C
0x10013EFC	thumb	func_8013EFC
0x10014090	thumb	func_8014090
0x10014268	thumb	func_8014268
0x100143D8	thumb	func_80143D8
0x10014758	thumb	func_8014758
0x10014930	thumb	func_8014930
0x10014C4C	thumb	func_8014C4C
0x10014F00	thumb	func_8014F00
0x10014FAC	thumb	func_8014FAC
0x100150D0	thumb	func_80150D0
0x10015194	thumb	func_8015194
0x10015216	thumb	func_8015216
0x100158C8	thumb	func_80158C8
0x10015B48	thumb	func_8015B48
0x10015C08	thumb	func_8015C08
0x10015C6C	thumb	func_8015C6C
0x10015CF8	thumb	func_8015CF8
0x10015D1C	thumb	func_8015D1C
0x10015D34	thumb	func_8015D34
0x10015DD4	thumb	func_8015DD4
0x10015E74	thumb	func_8015E74
0x10015F88	thumb	func_8015F88
0x100160F4	thumb	func_80160F4
0x100161E4	thumb	func_80161E4
0x10016240	thumb	func_8016240
0x10016304	thumb	func_8016304
0x10016378	thumb	func_8016378
0x100163A8	thumb	func_80163A8
0x100163D8	thumb	func_80163D8
0x100163F8	thumb	func_80163F8
0x10016456	thumb	func_8016456
0x100164A4	thumb	func_80164A4
0x100165B0	thumb	func_80165B0
0x10016614	thumb	func_8016614
0x10016886	thumb	func_8016886
0x10016B58	thumb	func_8016B58
0x10016E00	thumb	func_8016E00
0x10016FF4	thumb	func_8016FF4
0x100171EC	thumb	func_80171EC
0x10017394	thumb	func_8017394
0x100175A0	thumb	func_80175A0
0x1001769C	thumb	func_801769C
0x100176EC	thumb	func_80176EC
0x10017710	thumb	func_8017710
0x10017784	thumb	func_8017784
0x100177EC	thumb	func_80177EC
0x10017860	thumb	func_8017860
0x100178C8	thumb	func_80178C8
0x1001793C	thumb	func_801793C
0x100179A4	thumb	func_80179A4
0x10017A4C	thumb	func_8017A4C
0x10017A94	thumb	func_8017A94
0x10017ADC	thumb	func_8017ADC
0x10017C40	thumb	func_8017C40
0x10017CD0	thumb	func_8017CD0
0x10017DCC	thumb	func_8017DCC
0x10017ECC	thumb	func_8017ECC
0x10017F50	thumb	func_8017F50
0x10017FB0	thumb	func_8017FB0
0x10017FD4	thumb	func_8017FD4
0x10018014	thumb	func_8018014
0x10018054	thumb	func_8018054
0x10018094	thumb	func_8018094
0x10018156	thumb	func_8018156
0x100181A4	thumb	func_80181A4
0x100181F2	thumb	func_80181F2
0x1001823C	thumb	func_801823C
0x1001827C	thumb	func_801827C
0x100182C4	thumb	func_80182C4
0x1001831E	thumb	func_801831E
0x10018370	thumb	func_8018370
0x10018468	thumb	func_8018468
0x100184F8	thumb	func_80184F8
0x10018604	thumb	func_8018604
0x10018670	thumb	func_8018670
0x100186F8	thumb	func_80186F8
0x10018758	thumb	func_8018758
0x1001877C	thumb	func_801877C
0x100187BC	thumb	func_80187BC
0x100187DC	thumb	func_80187DC
0x100187FC	thumb	func_80187FC
0x10018844	thumb	func_8018844
0x100188A8	thumb	func_80188A8
0x10018938	thumb	func_8018938
0x10018A28	thumb	func_8018A28
0x10018AA0	thumb	func_8018AA0
0x10018B28	thumb	func_8018B28
0x10018B88	thumb	func_8018B88
0x10018BAC	thumb	func_8018BAC
0x10018BC0	thumb	func_8018BC0
0x10018C5C	thumb	func_8018C5C
0x10018CD0	thumb	func_8018CD0
0x10018D14	thumb	func_8018D14
0x10018D94	thumb	func_8018D94
0x10018DD4	thumb	func_8018DD4
0x10018E14	thumb	func_8018E14
0x10018E54	thumb	func_8018E54
0x10018E94	thumb	func_8018E94
0x10018ED4	thumb	func_8018ED4
0x10018F1C	thumb	func_8018F1C
0x10018F5C	thumb	func_8018F5C
0x10018F70	thumb	func_8018F70
0x1001907C	thumb	func_801907C
0x1001910C	thumb	func_801910C
0x10019250	thumb	func_8019250
0x1001929E	thumb	func_801929E
0x1001930C	thumb	func_801930C
0x10019394	thumb	func_8019394
0x100193F4	thumb	func_80193F4
0x10019418	thumb	func_8019418
0x10019458	thumb	func_8019458
0x1001945C	thumb	func_801945C
0x1001953E	thumb	func_801953E
0x10019588	thumb	func_8019588
0x100195CC	thumb	func_80195CC
0x1001961A	thumb	func_801961A
0x10019664	thumb	func_8019664
0x100196A4	thumb	func_80196A4
0x1001970A	thumb	func_801970A
0x1001974C	thumb	func_801974C
0x100197A4	thumb	func_80197A4
0x100197FC	thumb	func_80197FC
0x10019860	thumb	func_8019860
0x100198C4	thumb	func_80198C4
0x10019918	thumb	func_8019918
0x1001996C	thumb	func_801996C
0x10019AD0	thumb	func_8019AD0
0x10019B60	thumb	func_8019B60
0x10019C7C	thumb	func_8019C7C
0x10019CF4	thumb	func_8019CF4
0x10019D7C	thumb	func_8019D7C
0x10019DDC	thumb	func_8019DDC
0x10019E00	thumb	func_8019E00
0x10019E2C	thumb	func_8019E2C
0x10019E54	thumb	func_8019E54
0x10019F02	thumb	func_8019F02
0x10019F44	thumb	func_8019F44
0x10019F88	thumb	func_8019F88
0x10019F8C	thumb	func_8019F8C
0x10019FD0	thumb	func_8019FD0
0x1001A028	thumb	func_801A028
0x1001A090	thumb	func_801A090
0x1001A1C8	thumb	func_801A1C8
0x1001A250	thumb	func_801A250
0x1001A360	thumb	func_801A360
0x1001A424	thumb	func_801A424
0x1001A4A8	thumb	func_801A4A8
0x1001A508	thumb	func_801A508
0x1001A52C	thumb	func_801A52C
0x1001A580	thumb	func_801A580
0x1001A628	thumb	func_801A628
0x1001A684	thumb	func_801A684
0x1001A6E0	thumb	func_801A6E0
0x1001A744	thumb	func_801A744
0x1001A7AC	thumb	func_801A7AC
0x1001A80C	thumb	func_801A80C
0x1001A878	thumb	func_801A878
0x1001A8F0	thumb	func_801A8F0
0x1001A940	thumb	func_801A940
0x1001A964	thumb	func_801A964
0x1001A9B0	thumb	func_801A9B0
0x1001AAA2	thumb	func_801AAA2
0x1001AB08	thumb	func_801AB08
0x1001AB84	thumb	func_801AB84
0x1001ABCC	thumb	func_801ABCC
0x1001AC7C	thumb	func_801AC7C
0x1001AD20	thumb	func_801AD20
0x1001ADF0	thumb	func_801ADF0
0x1001AE68	thumb	func_801AE68
0x1001AEEC	thumb	func_801AEEC
0x1001AF4C	thumb	func_801AF4C
0x1001AF70	thumb	func_801AF70
0x1001AFB0	thumb	func_801AFB0
0x1001AFF0	thumb	func_801AFF0
0x1001B070	thumb	func_801B070
0x1001B118	thumb	func_801B118
0x1001B1DC	thumb	func_801B1DC
0x1001B236	thumb	func_801B236
0x1001B280	thumb	func_801B280
0x1001B304	thumb	func_801B304
0x1001B384	thumb	func_801B384
0x1001B480	thumb	func_801B480
0x1001B4EC	thumb	func_801B4EC
0x1001B570	thumb	func_801B570
0x1001B5D0	thumb	func_801B5D0
0x1001B5F4	thumb	func_801B5F4
0x1001B698	thumb	func_801B698
0x1001B6A8	thumb	func_801B6A8
0x1001B6D8	thumb	func_801B6D8
0x1001B740	thumb	func_801B740
0x1001B7EC	thumb	func_801B7EC
0x1001B858	thumb	func_801B858
0x1001B85C	thumb	func_801B85C
0x1001D684	thumb	func_801D684
0x1001D88C	thumb	func_801D88C
0x1001D8C4	thumb	func_801D8C4
0x1001DA70	thumb	func_801DA70
0x1001DCEC	thumb	func_801DCEC
0x1001DE7C	thumb	func_801DE7C
0x1001DEC0	thumb	func_801DEC0
0x1001DFF8	thumb	func_801DFF8
0x1001E060	thumb	func_801E060
0x1001E0D4	thumb	func_801E0D4
0x1001E0EC	thumb	func_801E0EC
0x1001E1C0	thumb	func_801E1C0
0x1001E258	thumb	func_801E258
0x1001E3A8	thumb	func_801E3A8
0x1001E430	thumb	func_801E430
0x10028148	thumb	func_8028148
0x1002822C	thumb	func_802822C
0x10028400	thumb	func_8028400
0x100284BC	thumb	func_80284BC
0x10028578	thumb	func_8028578
0x100285A4	thumb	func_80285A4
0x10028660	thumb	func_8028660
0x1002868C	thumb	func_802868C
0x100286C0	thumb	func_80286C0
0x100286EC	thumb	func_80286EC
0x10028758	thumb	func_8028758
0x100287CC	thumb	func_80287CC
0x100287E4	thumb	func_80287E4
0x10028808	thumb	func_8028808
0x1002882C	thumb	func_802882C
0x10028850	thumb	func_8028850
0x10028874	thumb	func_8028874
0x1002889C	thumb	func_802889C
0x100288C4	thumb	func_80288C4
0x100288EC	thumb	func_80288EC
0x10028914	thumb	func_8028914
0x10028970	thumb	func_8028970
0x100289CC	thumb	func_80289CC
0x10028A38	thumb	func_8028A38
0x10028D2C	thumb	func_8028D2C
0x1002B524	thumb	func_802B524
0x1002B578	thumb	func_802B578
0x1002B5A0	thumb	func_802B5A0
0x1002B5E4	thumb	func_802B5E4
0x1002B62C	thumb	func_802B62C
0x1002B668	thumb	func_802B668
0x1002B694	thumb	func_802B694
0x1002B74C	thumb	func_802B74C
0x1002B7A4	thumb	func_802B7A4
0x1002B7D4	thumb	func_802B7D4
0x1002B82C	thumb	func_802B82C
0x1002B9AC	thumb	func_802B9AC
0x1002C894	thumb	func_802C894
0x1002C9B4	thumb	func_802C9B4
0x1002CA54	thumb	func_802CA54
0x1002CB10	thumb	func_802CB10
0x1002CBCC	thumb	func_802CBCC
0x1002CBF8	thumb	func_802CBF8
0x1002CCD0	thumb	func_802CCD0
0x1002CCF8	thumb	func_802CCF8
0x1002CD1C	thumb	func_802CD1C
0x1002CD30	thumb	func_802CD30
0x1002CD44	thumb	func_802CD44
0x1002CD98	thumb	func_802CD98
0x1002CDAC	thumb	func_802CDAC
0x1002CDC0	thumb	func_802CDC0
0x1002CDFC	thumb	func_802CDFC
0x1002CE10	thumb	func_802CE10
0x1002CE24	thumb	func_802CE24
0x1002CE5C	thumb	func_802CE5C
0x1002CE70	thumb	func_802CE70
0x1002CE84	thumb	func_802CE84
0x1002CEB0	thumb	func_802CEB0
0x1002CEC4	thumb	func_802CEC4
0x1002CED8	thumb	func_802CED8
0x1002CEF8	thumb	func_802CEF8
0x1002CF14	thumb	func_802CF14
0x1002CF28	thumb	func_802CF28
0x1002CF3C	thumb	func_802CF3C
0x1002CF5C	thumb	func_802CF5C
0x1002CF70	thumb	func_802CF70
0x1002CF84	thumb	func_802CF84
0x1002CF9C	thumb	func_802CF9C
0x1002CFBC	thumb	func_802CFBC
0x1002D000	thumb	func_802D000
0x1002D034	thumb	func_802D034
0x1002D0C0	thumb	func_802D0C0
0x1002D12C	thumb	func_802D12C
0x1002D188	thumb	func_802D188
0x1002D1AC	thumb	func_802D1AC
0x1002D1CC	thumb	func_802D1CC
0x1002D240	thumb	func_802D240
0x1002D6D0	thumb	func_802D6D0
0x1002D738	thumb	func_802D738
0x1002D75C	thumb	func_802D75C
0x1002D8B4	thumb	func_802D8B4
0x1002D8D4	thumb	func_802D8D4
0x1002D980	thumb	func_802D980
0x1002D9A8	thumb	func_802D9A8
0x1002DA04	thumb	func_802DA04
0x1002DA24	thumb	func_802DA24
0x1002DA48	thumb	func_802DA48
0x1002DAAC	thumb	func_802DAAC
0x1002DACC	thumb	func_802DACC
0x1002DAF4	thumb	func_802DAF4
0x1002DB44	thumb	func_802DB44
0x1002DB58	thumb	func_802DB58
0x1002DB6C	thumb	func_802DB6C
0x1002DBA8	thumb	func_802DBA8
0x1002DBBC	thumb	func_802DBBC
0x1002DBD0	thumb	func_802DBD0
0x1002DBFC	thumb	func_802DBFC
0x1002DC2C	thumb	func_802DC2C
0x1002DC5C	thumb	func_802DC5C
0x1002DC80	thumb	func_802DC80
0x1002DC94	thumb	func_802DC94
0x1002DCA8	thumb	func_802DCA8
0x1002DD38	thumb	func_802DD38
0x1002DD44	thumb	func_802DD44
0x1002DD7C	thumb	func_802DD7C
0x1002DD90	thumb	func_802DD90
0x1002DDA4	thumb	func_802DDA4
0x1002DDD0	thumb	func_802DDD0
0x1002DDE4	thumb	func_802DDE4
0x1002DDF8	thumb	func_802DDF8
0x1002DE28	thumb	func_802DE28
0x1002DECC	thumb	func_802DECC
0x1002DF58	thumb	func_802DF58
0x1002DF70	thumb	func_802DF70
0x1002DF84	thumb	func_802DF84
0x1002DF98	thumb	func_802DF98
0x1002DFB4	thumb	func_802DFB4
0x1002DFC8	thumb	func_802DFC8
0x1002DFDC	thumb	func_802DFDC
0x1002DFF4	thumb	func_802DFF4
0x1002E05C	thumb	func_802E05C
0x1002E078	thumb	func_802E078
0x1002E120	thumb	func_802E120
0x1002E150	thumb	func_802E150
0x1002E18C	thumb	func_802E18C
0x1002E1C0	thumb	func_802E1C0
0x1002E1FC	thumb	func_802E1FC
0x1002E230	thumb	func_802E230
0x1002E2AC	thumb	func_802E2AC
0x1002E2F0	thumb	func_802E2F0
0x1002E8BC	thumb	func_802E8BC
0x1002EA0C	thumb	func_802EA0C
0x1002EA98	thumb	func_802EA98
0x1002EB28	thumb	func_802EB28
0x1002EBB8	thumb	func_802EBB8
0x1002ED68	thumb	func_802ED68
0x1002EDA0	thumb	func_802EDA0
0x1002EDE4	thumb	func_802EDE4
0x1002EE18	thumb	func_802EE18
0x1002EEA0	thumb	func_802EEA0
0x1002EF10	thumb	func_802EF10
0x1002EFD8	thumb	func_802EFD8
0x1002F098	thumb	func_802F098
0x1002F1E0	thumb	func_802F1E0
0x1002F218	thumb	func_802F218
0x1002F3C8	thumb	func_802F3C8
0x1002F4A0	thumb	func_802F4A0
0x1002F5A0	thumb	func_802F5A0
0x1002F64C	thumb	func_802F64C
0x1002F73C	thumb	func_802F73C
0x1002FA6C	thumb	func_802FA6C
0x1002FB14	thumb	func_802FB14
0x1002FBB4	thumb	func_802FBB4
0x1002FCD0	thumb	func_802FCD0
0x1002FDFC	thumb	func_802FDFC
0x1002FE18	thumb	func_802FE18
0x1002FEB8	thumb	func_802FEB8
0x1002FEFC	thumb	func_802FEFC
0x1002FF20	thumb	func_802FF20
0x1002FF4C	thumb	func_802FF4C
0x1002FFEC	thumb	func_802FFEC
0x10030014	thumb	func_8030014
0x1003003C	thumb	func_803003C
0x1003015C	thumb	func_803015C
0x10030184	thumb	func_8030184
0x100301AC	thumb	func_80301AC
0x10030230	thumb	func_8030230
0x10030278	thumb	func_8030278
0x100302FC	thumb	func_80302FC
0x1003034C	thumb	func_803034C
0x10030388	thumb	func_8030388
0x100303C8	thumb	func_80303C8
0x10030408	thumb	func_8030408
0x1003043C	thumb	func_803043C
0x10030470	thumb	func_8030470
0x100304E0	thumb	func_80304E0
0x100305C4	thumb	func_80305C4
0x100305D0	thumb	func_80305D0
0x100306BC	thumb	func_80306BC
0x10030714	thumb	func_8030714
0x1003074C	thumb	func_803074C
0x100307B8	thumb	func_80307B8
0x100307F8	thumb	func_80307F8
0x1003086C	thumb	func_803086C
0x100308E4	thumb	func_80308E4
0x10030938	thumb	func_8030938
0x100309B0	thumb	func_80309B0
0x10030A2C	thumb	func_8030A2C
0x10030A70	thumb	func_8030A70
0x10030B00	thumb	func_8030B00
0x10030B40	thumb	func_8030B40
0x10030B88	thumb	func_8030B88
0x10030BA8	thumb	func_8030BA8
0x10030BBC	thumb	func_8030BBC
0x10030BD0	thumb	func_8030BD0
0x10030BE4	thumb	func_8030BE4
0x10030C14	thumb	func_8030C14
0x10030C28	thumb	func_8030C28
0x10030C3C	thumb	func_8030C3C
0x10030C54	thumb	func_8030C54
0x10030C68	thumb	func_8030C68
0x10030C7C	thumb	func_8030C7C
0x10030C94	thumb	func_8030C94
0x10030CAC	thumb	func_8030CAC
0x10030CC8	thumb	func_8030CC8
0x10030CE4	thumb	func_8030CE4
0x10030D7C	thumb	func_8030D7C
0x10030DA4	thumb	func_8030DA4
0x10030EB4	thumb	func_8030EB4
0x10030EF4	thumb	func_8030EF4
0x10030F20	thumb	func_8030F20
0x10030F4C	thumb	func_8030F4C
0x10030F6C	thumb	func_8030F6C
0x10030F8C	thumb	func_8030F8C
0x10030FB0	thumb	func_8030FB0
0x10030FCC	thumb	func_8030FCC
0x10031050	thumb	func_8031050
0x10031070	thumb	func_8031070
0x100310F0	thumb	func_80310F0
0x1003111C	thumb	func_803111C
0x100311DC	thumb	func_80311DC
0x10031240	thumb	func_8031240
0x10032320	thumb	func_8032320
0x1003238C	thumb	func_803238C
0x100323B0	thumb	func_80323B0
0x100324FC	thumb	func_80324FC
0x10032524	thumb	func_8032524
0x100325A4	thumb	func_80325A4
0x100325DC	thumb	func_80325DC
0x100325F0	thumb	func_80325F0
0x10032604	thumb	func_8032604
0x1003262C	thumb	func_803262C
0x10032688	thumb	func_8032688
0x100327CC	thumb	func_80327CC
0x100327F8	thumb	func_80327F8
0x10032824	thumb	func_8032824
0x10032960	thumb	func_8032960
0x10032988	thumb	func_8032988
0x100329AC	thumb	func_80329AC
0x10032A24	thumb	func_8032A24
0x10032A44	thumb	func_8032A44
0x10032A6C	thumb	func_8032A6C
0x10032AE4	thumb	func_8032AE4
0x10032AF8	thumb	func_8032AF8
0x10032B0C	thumb	func_8032B0C
0x10032B70	thumb	func_8032B70
0x10032B84	thumb	func_8032B84
0x10032B98	thumb	func_8032B98
0x10032BCC	thumb	func_8032BCC
0x10032BE0	thumb	func_8032BE0
0x10032BF4	thumb	func_8032BF4
0x10032C24	thumb	func_8032C24
0x10032C38	thumb	func_8032C38
0x10032C4C	thumb	func_8032C4C
0x10032C70	thumb	func_8032C70
0x10032C84	thumb	func_8032C84
0x10032C98	thumb	func_8032C98
0x10032D14	thumb	func_8032D14
0x10032D4C	thumb	func_8032D4C
0x10032D78	thumb	func_8032D78
0x10032D8C	thumb	func_8032D8C
0x10032DA0	thumb	func_8032DA0
0x10032DD0	thumb	func_8032DD0
0x10032E5C	thumb	func_8032E5C
0x10032E74	thumb	func_8032E74
0x10032E88	thumb	func_8032E88
0x10032E9C	thumb	func_8032E9C
0x10032EB8	thumb	func_8032EB8
0x10032ECC	thumb	func_8032ECC
0x100332C8	thumb	func_80332C8
0x10033328	thumb	func_8033328
0x10033358	thumb	func_8033358
0x10033388	thumb	func_8033388
0x100333D4	thumb	func_80333D4
0x10033404	thumb	func_8033404
0x10033424	thumb	func_8033424
0x10033494	thumb	func_8033494
0x10033540	thumb	func_8033540
0x10033570	thumb	func_8033570
0x10033684	thumb	func_8033684
0x100336B4	thumb	func_80336B4
0x100336E0	thumb	func_80336E0
0x10033708	thumb	func_8033708
0x10033774	thumb	func_8033774
0x10033868	thumb	func_8033868
0x10033990	thumb	func_8033990
0x100339C0	thumb	func_80339C0
0x10033A68	thumb	func_8033A68
0x10033AAC	thumb	func_8033AAC
0x10033AC0	thumb	func_8033AC0
0x10033AD4	thumb	func_8033AD4
0x10033B04	thumb	func_8033B04
0x10033B50	thumb	func_8033B50
0x10033B74	thumb	func_8033B74
0x10033BC8	thumb	func_8033BC8
0x10033BF8	thumb	func_8033BF8
0x10033C2C	thumb	func_8033C2C
0x10033CA4	thumb	func_8033CA4
0x10033CB8	thumb	func_8033CB8
0x10033CCC	thumb	func_8033CCC
0x10033D30	thumb	func_8033D30
0x10033D44	thumb	func_8033D44
0x10033D58	thumb	func_8033D58
0x10033D8C	thumb	func_8033D8C
0x10033DA0	thumb	func_8033DA0
0x10033DB4	thumb	func_8033DB4
0x10033DE4	thumb	func_8033DE4
0x10033DF8	thumb	func_8033DF8
0x10033E0C	thumb	func_8033E0C
0x10033E3C	thumb	func_8033E3C
0x10033E50	thumb	func_8033E50
0x10033E64	thumb	func_8033E64
0x10033EC8	thumb	func_8033EC8
0x10033F00	thumb	func_8033F00
0x10033F38	thumb	func_8033F38
0x10033F4C	thumb	func_8033F4C
0x10033F60	thumb	func_8033F60
0x10033FA8	thumb	func_8033FA8
0x10034034	thumb	func_8034034
0x100340AC	thumb	func_80340AC
0x100340C4	thumb	func_80340C4
0x100340D8	thumb	func_80340D8
0x100340EC	thumb	func_80340EC
0x10034108	thumb	func_8034108
0x1003411C	thumb	func_803411C
0x10034130	thumb	func_8034130
0x100341A4	thumb	func_80341A4
0x10034234	thumb	func_8034234
0x100346F4	thumb	func_80346F4
0x10034760	thumb	func_8034760
0x10034798	thumb	func_8034798
0x100347B8	thumb	func_80347B8
0x100348DC	thumb	func_80348DC
0x10034904	thumb	func_8034904
0x10034968	thumb	func_8034968
0x1003498C	thumb	func_803498C
0x100349FC	thumb	func_80349FC
0x10034A20	thumb	func_8034A20
0x10034AC4	thumb	func_8034AC4
0x10034AE4	thumb	func_8034AE4
0x10034B0C	thumb	func_8034B0C
0x10034B94	thumb	func_8034B94
0x10034BA8	thumb	func_8034BA8
0x10034BBC	thumb	func_8034BBC
0x10034C30	thumb	func_8034C30
0x10034C44	thumb	func_8034C44
0x10034C58	thumb	func_8034C58
0x10034C9C	thumb	func_8034C9C
0x10034CB0	thumb	func_8034CB0
0x10034CC4	thumb	func_8034CC4
0x10034D08	thumb	func_8034D08
0x10034D1C	thumb	func_8034D1C
0x10034D30	thumb	func_8034D30
0x10034D54	thumb	func_8034D54
0x10034D68	thumb	func_8034D68
0x10034D7C	thumb	func_8034D7C
0x10034DE4	thumb	func_8034DE4
0x10034E24	thumb	func_8034E24
0x10034E70	thumb	func_8034E70
0x10034E84	thumb	func_8034E84
0x10034E98	thumb	func_8034E98
0x10034ED8	thumb	func_8034ED8
0x10034EEC	thumb	func_8034EEC
0x10034F00	thumb	func_8034F00
0x10034F24	thumb	func_8034F24
0x100352B0	thumb	func_80352B0
0x1003530C	thumb	func_803530C
0x10035348	thumb	func_8035348
0x10035370	thumb	func_8035370
0x100354D8	thumb	func_80354D8
0x100354FC	thumb	func_80354FC
0x100355C4	thumb	func_80355C4
0x10035668	thumb	func_8035668
0x100356BC	thumb	func_80356BC
0x100356EC	thumb	func_80356EC
0x1003572C	thumb	func_803572C
0x10035790	thumb	func_8035790
0x100357B8	thumb	func_80357B8
0x10035978	thumb	func_8035978
0x10035998	thumb	func_8035998
0x10035A34	thumb	func_8035A34
0x10035A64	thumb	func_8035A64
0x10035AE0	thumb	func_8035AE0
0x10035B00	thumb	func_8035B00
0x10035B5C	thumb	func_8035B5C
0x10035B88	thumb	func_8035B88
0x10035BE8	thumb	func_8035BE8
0x10035C0C	thumb	func_8035C0C
0x10035CD0	thumb	func_8035CD0
0x10035D10	thumb	func_8035D10
0x10035D2C	thumb	func_8035D2C
0x10035DAC	thumb	func_8035DAC
0x10035DC0	thumb	func_8035DC0
0x10035DD4	thumb	func_8035DD4
0x10035E40	thumb	func_8035E40
0x10035E54	thumb	func_8035E54
0x10035E68	thumb	func_8035E68
0x10035E90	thumb	func_8035E90
0x10035EF4	thumb	func_8035EF4
0x10035F28	thumb	func_8035F28
0x10035F8C	thumb	func_8035F8C
0x10035FC0	thumb	func_8035FC0
0x10036000	thumb	func_8036000
0x10036014	thumb	func_8036014
0x10036054	thumb	func_8036054
0x10036068	thumb	func_8036068
0x100360A8	thumb	func_80360A8
0x100360C0	thumb	func_80360C0
0x100360D4	thumb	func_80360D4
0x100360E8	thumb	func_80360E8
0x1003615C	thumb	func_803615C
0x10036194	thumb	func_8036194
0x100361BC	thumb	func_80361BC
0x100361D0	thumb	func_80361D0
0x100361E4	thumb	func_80361E4
0x10036204	thumb	func_8036204
0x10036218	thumb	func_8036218
0x1003622C	thumb	func_803622C
0x10036274	thumb	func_8036274
0x10036300	thumb	func_8036300
0x10036318	thumb	func_8036318
0x1003632C	thumb	func_803632C
0x10036340	thumb	func_8036340
0x1003635C	thumb	func_803635C
0x10036370	thumb	func_8036370
0x10036384	thumb	func_8036384
0x10036400	thumb	func_8036400
0x10036420	thumb	func_8036420
0x1003643C	thumb	func_803643C
0x1003645C	thumb	func_803645C
0x100364A4	thumb	func_80364A4
0x100364D0	thumb	func_80364D0
0x10036514	thumb	func_8036514
0x10036528	thumb	func_8036528
0x10036C94	thumb	func_8036C94
0x10036CF8	thumb	func_8036CF8
0x10036D44	thumb	func_8036D44
0x10036D80	thumb	func_8036D80
0x10036E04	thumb	func_8036E04
0x10036E28	thumb	func_8036E28
0x10036E48	thumb	func_8036E48
0x10036E84	thumb	func_8036E84
0x10036EBC	thumb	func_8036EBC
0x10036F04	thumb	func_8036F04
0x10036F28	thumb	func_8036F28
0x10036F94	thumb	func_8036F94
0x10036FB0	thumb	func_8036FB0
0x10037128	thumb	func_8037128
0x10037170	thumb	func_8037170
0x100371A8	thumb	func_80371A8
0x100371D8	thumb	func_80371D8
0x10037204	thumb	func_8037204
0x10037254	thumb	func_8037254
0x10037268	thumb	func_8037268
0x1003727C	thumb	func_803727C
0x100374AC	thumb	func_80374AC
0x10037508	thumb	func_8037508
0x10037554	thumb	func_8037554
0x100375C4	thumb	func_80375C4
0x10037610	thumb	func_8037610
0x10037630	thumb	func_8037630
0x1003764C	thumb	func_803764C
0x1003766C	thumb	func_803766C
0x10037714	thumb	func_8037714
0x10037748	thumb	func_8037748
0x10037774	thumb	func_8037774
0x100377E4	thumb	func_80377E4
0x10037BF8	thumb	func_8037BF8
0x10037C64	thumb	func_8037C64
0x10037C94	thumb	func_8037C94
0x10037CDC	thumb	func_8037CDC
0x10037D10	thumb	func_8037D10
0x10037DF0	thumb	func_8037DF0
0x10037E5C	thumb	func_8037E5C
0x10037EB0	thumb	func_8037EB0
0x10037F04	thumb	func_8037F04
0x10037F4C	thumb	func_8037F4C
0x10038014	thumb	func_8038014
0x10038064	thumb	func_8038064
0x100380DC	thumb	func_80380DC
0x10038174	thumb	func_8038174
0x100381F4	thumb	func_80381F4
0x1003828C	thumb	func_803828C
0x10038448	thumb	func_8038448
0x100385A4	thumb	func_80385A4
0x10038824	thumb	func_8038824
0x10038878	thumb	func_8038878
0x10038898	thumb	func_8038898
0x100389E4	thumb	func_80389E4
0x10038A04	thumb	func_8038A04
0x10038A80	thumb	func_8038A80
0x10038AB8	thumb	func_8038AB8
0x10038ACC	thumb	func_8038ACC
0x10038AE0	thumb	func_8038AE0
0x10038B00	thumb	func_8038B00
0x10038B90	thumb	func_8038B90
0x10038BB0	thumb	func_8038BB0
0x10038BD8	thumb	func_8038BD8
0x10038CB4	thumb	func_8038CB4
0x10038CD4	thumb	func_8038CD4
0x10038CFC	thumb	func_8038CFC
0x10038D4C	thumb	func_8038D4C
0x10038D60	thumb	func_8038D60
0x10038D74	thumb	func_8038D74
0x10038DB0	thumb	func_8038DB0
0x10038DC4	thumb	func_8038DC4
0x10038DD8	thumb	func_8038DD8
0x10038E08	thumb	func_8038E08
0x10038E1C	thumb	func_8038E1C
0x10038E30	thumb	func_8038E30
0x10038E54	thumb	func_8038E54
0x10038E68	thumb	func_8038E68
0x10038E7C	thumb	func_8038E7C
0x10038EC8	thumb	func_8038EC8
0x10038ED4	thumb	func_8038ED4
0x10038F00	thumb	func_8038F00
0x10038F14	thumb	func_8038F14
0x10038F28	thumb	func_8038F28
0x10038F50	thumb	func_8038F50
0x10038FDC	thumb	func_8038FDC
0x10038FF4	thumb	func_8038FF4
0x10039008	thumb	func_8039008
0x1003901C	thumb	func_803901C
0x10039038	thumb	func_8039038
0x1003904C	thumb	func_803904C
0x10039060	thumb	func_8039060
0x100390E0	thumb	func_80390E0
0x10039100	thumb	func_8039100
0x10039114	thumb	func_8039114
0x10039510	thumb	func_8039510
0x10039550	thumb	func_8039550
0x100395AC	thumb	func_80395AC
0x1003962C	thumb	func_803962C
0x100397BC	thumb	func_80397BC
0x100397E8	thumb	func_80397E8
0x1003981C	thumb	func_803981C
0x1003986C	thumb	func_803986C
0x100398F4	thumb	func_80398F4
0x10039A3C	thumb	func_8039A3C
0x10039AB4	thumb	func_8039AB4
0x10039B40	thumb	func_8039B40
0x10039C20	thumb	func_8039C20
0x10039CCC	thumb	func_8039CCC
0x10039D98	thumb	func_8039D98
0x10039DFC	thumb	func_8039DFC
0x10039F3C	thumb	func_8039F3C
0x10039F88	thumb	func_8039F88
0x10039FA8	thumb	func_8039FA8
0x1003A0D0	thumb	func_803A0D0
0x1003A0F0	thumb	func_803A0F0
0x1003A158	thumb	func_803A158
0x1003A180	thumb	func_803A180
0x1003A1A8	thumb	func_803A1A8
0x1003A284	thumb	func_803A284
0x1003A2AC	thumb	func_803A2AC
0x1003A2D4	thumb	func_803A2D4
0x1003A350	thumb	func_803A350
0x1003A364	thumb	func_803A364
0x1003A378	thumb	func_803A378
0x1003A3E0	thumb	func_803A3E0
0x1003A3F4	thumb	func_803A3F4
0x1003A408	thumb	func_803A408
0x1003A43C	thumb	func_803A43C
0x1003A450	thumb	func_803A450
0x1003A464	thumb	func_803A464
0x1003A488	thumb	func_803A488
0x1003A49C	thumb	func_803A49C
0x1003A4B0	thumb	func_803A4B0
0x1003A52C	thumb	func_803A52C
0x1003A56C	thumb	func_803A56C
0x1003A5A4	thumb	func_803A5A4
0x1003A5B8	thumb	func_803A5B8
0x1003A5CC	thumb	func_803A5CC
0x1003A5F8	thumb	func_803A5F8
0x1003A60C	thumb	func_803A60C
0x1003A620	thumb	func_803A620
0x1003A674	thumb	func_803A674
0x1003A754	thumb	func_803A754
0x1003A76C	thumb	func_803A76C
0x1003A780	thumb	func_803A780
0x1003A794	thumb	func_803A794
0x1003A7B0	thumb	func_803A7B0
0x1003A7C4	thumb	func_803A7C4
0x1003AB4C	thumb	func_803AB4C
0x1003ABD8	thumb	func_803ABD8
0x1003AC38	thumb	func_803AC38
0x1003AD2C	thumb	func_803AD2C
0x1003AE30	thumb	func_803AE30
0x1003AF50	thumb	func_803AF50
0x1003AFE4	thumb	func_803AFE4
0x1003B0A0	thumb	func_803B0A0
0x1003B13C	thumb	func_803B13C
0x1003B164	thumb	func_803B164
0x1003B1F8	thumb	func_803B1F8
0x1003B2A0	thumb	func_803B2A0
0x1003B2EC	thumb	func_803B2EC
0x1003B36C	thumb	func_803B36C
0x1003B3E0	thumb	func_803B3E0
0x1003B454	thumb	func_803B454
0x1003B49C	thumb	func_803B49C
0x1003B538	thumb	func_803B538
0x1003B608	thumb	func_803B608
0x1003B680	thumb	func_803B680
0x1003B6C8	thumb	func_803B6C8
0x1003B9D8	thumb	func_803B9D8
0x1003B9FC	thumb	func_803B9FC
0x1003BA64	thumb	func_803BA64
0x1003BA94	thumb	func_803BA94
0x1003BAF4	thumb	func_803BAF4
0x1003BB50	thumb	func_803BB50
0x1003BBD4	thumb	func_803BBD4
0x1003BCB8	thumb	func_803BCB8
0x1003C2A0	thumb	func_803C2A0
0x1003C3B4	thumb	func_803C3B4
0x1003C40C	thumb	func_803C40C
0x1003C464	thumb	func_803C464
0x1003C4DC	thumb	func_803C4DC
0x1003C550	thumb	func_803C550
0x1003C5C0	thumb	func_803C5C0
0x1003C628	thumb	func_803C628
0x1003C654	thumb	func_803C654
0x1003C6BC	thumb	func_803C6BC
0x1003C6F8	thumb	func_803C6F8
0x1003C754	thumb	func_803C754
0x1003C7B0	thumb	func_803C7B0
0x1003C80C	thumb	func_803C80C
0x1003C868	thumb	func_803C868
0x1003C8C0	thumb	func_803C8C0
0x1003C91C	thumb	func_803C91C
0x1003C978	thumb	func_803C978
0x1003C9D4	thumb	func_803C9D4
0x1003CA30	thumb	func_803CA30
0x1003CA88	thumb	func_803CA88
0x1003CB24	thumb	func_803CB24
0x1003CBC0	thumb	func_803CBC0
0x1003CC74	thumb	func_803CC74
0x1003CD28	thumb	func_803CD28
0x1003CDD0	thumb	func_803CDD0
0x1003CE78	thumb	func_803CE78
0x1003CF70	thumb	func_803CF70
0x1003D068	thumb	func_803D068
0x1003D160	thumb	func_803D160
0x1003DF78	thumb	func_803DF78
0x1003DFD4	thumb	func_803DFD4
0x1003E05C	thumb	func_803E05C
0x1003E07C	thumb	func_803E07C
0x1003E0AC	thumb	func_803E0AC
0x1003E0FC	thumb	func_803E0FC
0x1003E110	thumb	func_803E110
0x1003E124	thumb	func_803E124
0x1003E178	thumb	func_803E178
0x1003E18C	thumb	func_803E18C
0x1003E1A0	thumb	func_803E1A0
0x1003E1C4	thumb	func_803E1C4
0x1003E1D8	thumb	func_803E1D8
0x1003E1EC	thumb	func_803E1EC
0x1003E270	thumb	func_803E270
0x1003E2F4	thumb	func_803E2F4
0x1003E32C	thumb	func_803E32C
0x1003EC78	thumb	func_803EC78
0x1003ECFC	thumb	func_803ECFC
0x1003ED5C	thumb	func_803ED5C
0x1003ED88	thumb	func_803ED88
0x1003EDA8	thumb	func_803EDA8
0x1003EDC4	thumb	func_803EDC4
0x1003EDE4	thumb	func_803EDE4
0x1003EE8C	thumb	func_803EE8C
0x1003EECC	thumb	func_803EECC
0x1003EEE0	thumb	func_803EEE0
0x1003F214	thumb	func_803F214
0x1003F264	thumb	func_803F264
0x1003F2B4	thumb	func_803F2B4
0x1003F320	thumb	func_803F320
0x1003F414	thumb	func_803F414
0x1003F528	thumb	func_803F528
0x1003F66C	thumb	func_803F66C
0x1003F718	thumb	func_803F718
0x1003F7CC	thumb	func_803F7CC
0x1003F944	thumb	func_803F944
0x1003F958	thumb	func_803F958
0x1003FB14	thumb	func_803FB14
0x1003FB28	thumb	func_803FB28
0x1003FC70	thumb	func_803FC70
0x1003FCF8	thumb	func_803FCF8
0x1003FDEC	thumb	func_803FDEC
0x1003FE54	thumb	func_803FE54
0x1003FEC8	thumb	func_803FEC8
0x1004012C	thumb	func_804012C
0x10040238	thumb	func_8040238
0x10040338	thumb	func_8040338
0x10040398	thumb	func_8040398
0x100403C0	thumb	func_80403C0
0x10040538	thumb	func_8040538
0x10040564	thumb	func_8040564
0x100405B8	thumb	func_80405B8
0x100405E4	thumb	func_80405E4
0x10040640	thumb	func_8040640
0x10040668	thumb	func_8040668
0x100406A0	thumb	func_80406A0
0x100406CC	thumb	func_80406CC
0x10040720	thumb	func_8040720
0x10040818	thumb	func_8040818
0x100408D0	thumb	func_80408D0
0x10040954	thumb	func_8040954
0x10040970	thumb	func_8040970
0x10040984	thumb	func_8040984
0x10040998	thumb	func_8040998
0x100409B4	thumb	func_80409B4
0x100409D0	thumb	func_80409D0
0x10040A00	thumb	func_8040A00
0x10040A14	thumb	func_8040A14
0x10040A28	thumb	func_8040A28
0x10040ADC	thumb	func_8040ADC
0x10040B90	thumb	func_8040B90
0x10040BE0	thumb	func_8040BE0
0x10040BF4	thumb	func_8040BF4
0x10040C08	thumb	func_8040C08
0x10040C40	thumb	func_8040C40
0x10040C54	thumb	func_8040C54
0x10040C68	thumb	func_8040C68
0x10040CA0	thumb	func_8040CA0
0x10040F48	thumb	func_8040F48
0x10040F98	thumb	func_8040F98
0x10040FC4	thumb	func_8040FC4
0x10040FE8	thumb	func_8040FE8
0x10041014	thumb	func_8041014
0x10041040	thumb	func_8041040
0x1004106C	thumb	func_804106C
0x10041090	thumb	func_8041090
0x100410B4	thumb	func_80410B4
0x100410EC	thumb	func_80410EC
0x10041138	thumb	func_8041138
0x10041184	thumb	func_8041184
0x100411B4	thumb	func_80411B4
0x10041210	thumb	func_8041210
0x10041240	thumb	func_8041240
0x100412A0	thumb	func_80412A0
0x100412D0	thumb	func_80412D0
0x1004132C	thumb	func_804132C
0x10041358	thumb	func_8041358
0x1004135C	thumb	func_804135C
0x10041414	thumb	func_8041414
0x100416C8	thumb	func_80416C8
0x1004171C	thumb	func_804171C
0x1004173C	thumb	func_804173C
0x10041864	thumb	func_8041864
0x10041884	thumb	func_8041884
0x10041900	thumb	func_8041900
0x10041938	thumb	func_8041938
0x1004194C	thumb	func_804194C
0x10041960	thumb	func_8041960
0x10041980	thumb	func_8041980
0x100419A4	thumb	func_80419A4
0x100419E8	thumb	func_80419E8
0x10041A08	thumb	func_8041A08
0x10041A30	thumb	func_8041A30
0x10041AA8	thumb	func_8041AA8
0x10041ABC	thumb	func_8041ABC
0x10041AD0	thumb	func_8041AD0
0x10041B34	thumb	func_8041B34
0x10041B48	thumb	func_8041B48
0x10041B5C	thumb	func_8041B5C
0x10041B84	thumb	func_8041B84
0x10041BB4	thumb	func_8041BB4
0x10041BE4	thumb	func_8041BE4
0x10041C08	thumb	func_8041C08
0x10041C1C	thumb	func_8041C1C
0x10041C30	thumb	func_8041C30
0x10041C94	thumb	func_8041C94
0x10041CCC	thumb	func_8041CCC
0x10041CF8	thumb	func_8041CF8
0x10041D0C	thumb	func_8041D0C
0x10041D20	thumb	func_8041D20
0x10041D48	thumb	func_8041D48
0x10041DD4	thumb	func_8041DD4
0x10041DF4	thumb	func_8041DF4
0x10041E08	thumb	func_8041E08
0x10041E1C	thumb	func_8041E1C
0x10041E40	thumb	func_8041E40
0x10041E54	thumb	func_8041E54
0x100421DC	thumb	func_80421DC
0x1004230C	thumb	func_804230C
0x1004236C	thumb	func_804236C
0x10042384	thumb	func_8042384
0x100423EC	thumb	func_80423EC
0x10042400	thumb	func_8042400
0x10042414	thumb	func_8042414
0x10042428	thumb	func_8042428
0x10042444	thumb	func_8042444
0x10042460	thumb	func_8042460
0x10042484	thumb	func_8042484
0x100424A8	thumb	func_80424A8
0x100424CC	thumb	func_80424CC
0x100424F0	thumb	func_80424F0
0x10042514	thumb	func_8042514
0x10042538	thumb	func_8042538
0x1004255C	thumb	func_804255C
0x10042568	thumb	func_8042568
0x10042574	thumb	func_8042574
0x10042584	thumb	func_8042584
0x10042594	thumb	func_8042594
0x100425F4	thumb	func_80425F4
0x10042610	thumb	func_8042610
0x10042624	thumb	func_8042624
0x100426CC	thumb	func_80426CC
0x10042730	thumb	func_8042730
0x10042754	thumb	func_8042754
0x10042778	thumb	func_8042778
0x100427A8	thumb	func_80427A8
0x10042820	thumb	func_8042820
0x10042850	thumb	func_8042850
0x10042D70	thumb	func_8042D70
0x10042E90	thumb	func_8042E90
0x10042F0C	thumb	func_8042F0C
0x10042F88	thumb	func_8042F88
0x10043000	thumb	func_8043000
0x1004306C	thumb	func_804306C
0x1004308C	thumb	func_804308C
0x1004318C	thumb	func_804318C
0x100431EC	thumb	func_80431EC
0x10043204	thumb	func_8043204
0x1004326C	thumb	func_804326C
0x10043280	thumb	func_8043280
0x10043360	thumb	func_8043360
0x1004337C	thumb	func_804337C
0x10043398	thumb	func_8043398
0x100433AC	thumb	func_80433AC
0x100433CC	thumb	func_80433CC
0x100433E0	thumb	func_80433E0
0x10043400	thumb	func_8043400
0x1004342C	thumb	func_804342C
0x1004344C	thumb	func_804344C
0x10043478	thumb	func_8043478
0x1004384C	thumb	func_804384C
0x1004387C	thumb	func_804387C
0x100438B4	thumb	func_80438B4
0x100438E4	thumb	func_80438E4
0x10043A1C	thumb	func_8043A1C
0x10043A44	thumb	func_8043A44
0x10043AC4	thumb	func_8043AC4
0x10043AEC	thumb	func_8043AEC
0x10043C5C	thumb	func_8043C5C
0x10043CA0	thumb	func_8043CA0
0x10043CB4	thumb	func_8043CB4
0x10043CC8	thumb	func_8043CC8
0x10043CE8	thumb	func_8043CE8
0x10043D1C	thumb	func_8043D1C
0x10043D3C	thumb	func_8043D3C
0x10043D70	thumb	func_8043D70
0x10043DC0	thumb	func_8043DC0
0x10043DD4	thumb	func_8043DD4
0x10043DE8	thumb	func_8043DE8
0x10043E24	thumb	func_8043E24
0x10043E38	thumb	func_8043E38
0x10043E4C	thumb	func_8043E4C
0x10043E7C	thumb	func_8043E7C
0x10043E90	thumb	func_8043E90
0x10043EA4	thumb	func_8043EA4
0x10043ED4	thumb	func_8043ED4
0x10043EE8	thumb	func_8043EE8
0x10043EFC	thumb	func_8043EFC
0x10043F44	thumb	func_8043F44
0x10043F50	thumb	func_8043F50
0x10043F88	thumb	func_8043F88
0x10043F9C	thumb	func_8043F9C
0x10043FB0	thumb	func_8043FB0
0x10043FE0	thumb	func_8043FE0
0x1004406C	thumb	func_804406C
0x10044078	thumb	func_8044078
0x10044084	thumb	func_8044084
0x10044094	thumb	func_8044094
0x10044430	thumb	func_8044430
0x10044460	thumb	func_8044460
0x100444A8	thumb	func_80444A8
0x100444D8	thumb	func_80444D8
0x1004463C	thumb	func_804463C
0x10044668	thumb	func_8044668
0x100446A8	thumb	func_80446A8
0x100446D4	thumb	func_80446D4
0x10044758	thumb	func_8044758
0x1004479C	thumb	func_804479C
0x100447B0	thumb	func_80447B0
0x100447C4	thumb	func_80447C4
0x100447E4	thumb	func_80447E4
0x10044818	thumb	func_8044818
0x10044840	thumb	func_8044840
0x10044874	thumb	func_8044874
0x100448EC	thumb	func_80448EC
0x10044900	thumb	func_8044900
0x10044914	thumb	func_8044914
0x10044978	thumb	func_8044978
0x1004498C	thumb	func_804498C
0x100449A0	thumb	func_80449A0
0x100449D0	thumb	func_80449D0
0x100449E4	thumb	func_80449E4
0x100449F8	thumb	func_80449F8
0x10044A28	thumb	func_8044A28
0x10044A3C	thumb	func_8044A3C
0x10044A50	thumb	func_8044A50
0x10044AC4	thumb	func_8044AC4
0x10044AFC	thumb	func_8044AFC
0x10044B34	thumb	func_8044B34
0x10044B48	thumb	func_8044B48
0x10044B5C	thumb	func_8044B5C
0x10044B8C	thumb	func_8044B8C
0x10044C18	thumb	func_8044C18
0x10044C24	thumb	func_8044C24
0x10044C30	thumb	func_8044C30
0x10044C40	thumb	func_8044C40
0x10044FDC	thumb	func_8044FDC
0x10045004	thumb	func_8045004
0x10045064	thumb	func_8045064
0x10045150	thumb	func_8045150
0x10045174	thumb	func_8045174
0x10045214	thumb	func_8045214
0x10045238	thumb	func_8045238
0x100452E4	thumb	func_80452E4
0x10045350	thumb	func_8045350
0x10045440	thumb	func_8045440
0x10045454	thumb	func_8045454
0x10045544	thumb	func_8045544
0x10045584	thumb	func_8045584
0x10045684	thumb	func_8045684
0x100456C4	thumb	func_80456C4
0x1004571C	thumb	func_804571C
0x100457B0	thumb	func_80457B0
0x100457C4	thumb	func_80457C4
0x10045A28	thumb	func_8045A28
0x10045AA4	thumb	func_8045AA4
0x10045B20	thumb	func_8045B20
0x10045B94	thumb	func_8045B94
0x10045BDC	thumb	func_8045BDC
0x10045BFC	thumb	func_8045BFC
0x10045C28	thumb	func_8045C28
0x10045C94	thumb	func_8045C94
0x10045D00	thumb	func_8045D00
0x10045D48	thumb	func_8045D48
0x10045D70	thumb	func_8045D70
0x10045E34	thumb	func_8045E34
0x10045E5C	thumb	func_8045E5C
0x10045EAC	thumb	func_8045EAC
0x10045ED4	thumb	func_8045ED4
0x10045F64	thumb	func_8045F64
0x10045FBC	thumb	func_8045FBC
0x10046000	thumb	func_8046000
0x10046024	thumb	func_8046024
0x1004608C	thumb	func_804608C
0x100460B0	thumb	func_80460B0
0x10046128	thumb	func_8046128
0x1004613C	thumb	func_804613C
0x10046150	thumb	func_8046150
0x1004616C	thumb	func_804616C
0x10046180	thumb	func_8046180
0x10046194	thumb	func_8046194
0x10046220	thumb	func_8046220
0x10046268	thumb	func_8046268
0x100462B0	thumb	func_80462B0
0x10046548	thumb	func_8046548
0x10046594	thumb	func_8046594
0x100465B4	thumb	func_80465B4
0x100465F4	thumb	func_80465F4
0x10046620	thumb	func_8046620
0x10046690	thumb	func_8046690
0x100466B0	thumb	func_80466B0
0x1004671C	thumb	func_804671C
0x10046794	thumb	func_8046794
0x100467A8	thumb	func_80467A8
0x100467BC	thumb	func_80467BC
0x100467DC	thumb	func_80467DC
0x10046A6C	thumb	func_8046A6C
0x10046AD4	thumb	func_8046AD4
0x10046AF4	thumb	func_8046AF4
0x10046C5C	thumb	func_8046C5C
0x10046C7C	thumb	func_8046C7C
0x10046CEC	thumb	func_8046CEC
0x10046D24	thumb	func_8046D24
0x10046D38	thumb	func_8046D38
0x10046D4C	thumb	func_8046D4C
0x10046D6C	thumb	func_8046D6C
0x10046DFC	thumb	func_8046DFC
0x10046E24	thumb	func_8046E24
0x10046E84	thumb	func_8046E84
0x10046EA8	thumb	func_8046EA8
0x10046EE4	thumb	func_8046EE4
0x10046F04	thumb	func_8046F04
0x10046F2C	thumb	func_8046F2C
0x10046FE8	thumb	func_8046FE8
0x10047008	thumb	func_8047008
0x10047030	thumb	func_8047030
0x10047080	thumb	func_8047080
0x10047094	thumb	func_8047094
0x100470A8	thumb	func_80470A8
0x100470E4	thumb	func_80470E4
0x100470F8	thumb	func_80470F8
0x1004710C	thumb	func_804710C
0x1004713C	thumb	func_804713C
0x10047150	thumb	func_8047150
0x10047164	thumb	func_8047164
0x10047188	thumb	func_8047188
0x1004719C	thumb	func_804719C
0x100471B0	thumb	func_80471B0
0x100471F8	thumb	func_80471F8
0x10047204	thumb	func_8047204
0x10047230	thumb	func_8047230
0x10047244	thumb	func_8047244
0x10047258	thumb	func_8047258
0x10047280	thumb	func_8047280
0x1004730C	thumb	func_804730C
0x10047324	thumb	func_8047324
0x10047338	thumb	func_8047338
0x1004734C	thumb	func_804734C
0x10047368	thumb	func_8047368
0x1004737C	thumb	func_804737C
0x10047390	thumb	func_8047390
0x10047404	thumb	func_8047404
0x1004750C	thumb	func_804750C
0x10047520	thumb	func_8047520
0x10047570	thumb	func_8047570
0x10047584	thumb	func_8047584
0x100475D4	thumb	func_80475D4
0x10047AD8	thumb	func_8047AD8
0x10047B40	thumb	func_8047B40
0x10047B6C	thumb	func_8047B6C
0x10047BA8	thumb	func_8047BA8
0x10047BEC	thumb	func_8047BEC
0x10047CA8	thumb	func_8047CA8
0x10047CDC	thumb	func_8047CDC
0x10047D08	thumb	func_8047D08
0x10047D38	thumb	func_8047D38
0x10047EE8	thumb	func_8047EE8
0x10047F1C	thumb	func_8047F1C
0x10047FB4	thumb	func_8047FB4
0x10048024	thumb	func_8048024
0x10048088	thumb	func_8048088
0x10048104	thumb	func_8048104
0x10048134	thumb	func_8048134
0x1004824C	thumb	func_804824C
0x100482D0	thumb	func_80482D0
0x10048348	thumb	func_8048348
0x100483BC	thumb	func_80483BC
0x10048420	thumb	func_8048420
0x1004849C	thumb	func_804849C
0x10048528	thumb	func_8048528
0x100487E0	thumb	func_80487E0
0x10048808	thumb	func_8048808
0x10048934	thumb	func_8048934
0x10048980	thumb	func_8048980
0x100489FC	thumb	func_80489FC
0x10048ACC	thumb	func_8048ACC
0x10048B58	thumb	func_8048B58
0x10048CBC	thumb	func_8048CBC
0x10048D0C	thumb	func_8048D0C
0x10048D38	thumb	func_8048D38
0x10048D78	thumb	func_8048D78
0x10048E14	thumb	func_8048E14
0x10048E40	thumb	func_8048E40
0x10048ECC	thumb	func_8048ECC
0x10048EF8	thumb	func_8048EF8
0x10048F84	thumb	func_8048F84
0x10048FBC	thumb	func_8048FBC
0x10049028	thumb	func_8049028
0x10049054	thumb	func_8049054
0x100493B8	thumb	func_80493B8
0x10049458	thumb	func_8049458
0x10049548	thumb	func_8049548
0x100495A8	thumb	func_80495A8
0x100495FC	thumb	func_80495FC
0x10049624	thumb	func_8049624
0x1004964C	thumb	func_804964C
0x100496B8	thumb	func_80496B8
0x100496E0	thumb	func_80496E0
0x10049738	thumb	func_8049738
0x10049758	thumb	func_8049758
0x10049774	thumb	func_8049774
0x10049850	thumb	func_8049850
0x10049A7C	thumb	func_8049A7C
0x10049ADC	thumb	func_8049ADC
0x10049B1C	thumb	func_8049B1C
0x10049BD0	thumb	func_8049BD0
0x10049BEC	thumb	func_8049BEC
0x10049C64	thumb	func_8049C64
0x10049D94	thumb	func_8049D94
0x10049E2C	thumb	func_8049E2C
0x10049EB0	thumb	func_8049EB0
0x10049EFC	thumb	func_8049EFC
0x1004A3FC	thumb	func_804A3FC
0x1004A508	thumb	func_804A508
0x1004A84C	thumb	func_804A84C
0x1004AB90	thumb	func_804AB90
0x1004AC88	thumb	func_804AC88
0x1004ACC0	thumb	func_804ACC0
0x1004AD28	thumb	func_804AD28
0x1004AD48	thumb	func_804AD48
0x1004ADB4	thumb	func_804ADB4
0x1004ADC8	thumb	func_804ADC8
0x1004ADDC	thumb	func_804ADDC
0x1004ADF0	thumb	func_804ADF0
0x1004AE0C	thumb	func_804AE0C
0x1004AE28	thumb	func_804AE28
0x1004AE4C	thumb	func_804AE4C
0x1004AE70	thumb	func_804AE70
0x1004AE94	thumb	func_804AE94
0x1004AEB8	thumb	func_804AEB8
0x1004AEDC	thumb	func_804AEDC
0x1004AEE8	thumb	func_804AEE8
0x1004AEF4	thumb	func_804AEF4
0x1004AF04	thumb	func_804AF04
0x1004AF14	thumb	func_804AF14
0x1004B04C	thumb	func_804B04C
0x1004B0AC	thumb	func_804B0AC
0x1004B0F4	thumb	func_804B0F4
0x1004B198	thumb	func_804B198
0x1004B1D8	thumb	func_804B1D8
0x1004B23C	thumb	func_804B23C
0x1004B2E4	thumb	func_804B2E4
0x1004B33C	thumb	func_804B33C
0x1004B394	thumb	func_804B394
0x1004B3DC	thumb	func_804B3DC
0x1004B48C	thumb	func_804B48C
0x1004B4CC	thumb	func_804B4CC
0x1004B530	thumb	func_804B530
0x1004B5D8	thumb	func_804B5D8
0x1004B630	thumb	func_804B630
0x1004B688	thumb	func_804B688
0x1004B6D0	thumb	func_804B6D0
0x1004B778	thumb	func_804B778
0x1004B7B8	thumb	func_804B7B8
0x1004B824	thumb	func_804B824
0x1004B8CC	thumb	func_804B8CC
0x1004B924	thumb	func_804B924
0x1004B97C	thumb	func_804B97C
0x1004B9C4	thumb	func_804B9C4
0x1004BA6C	thumb	func_804BA6C
0x1004BAAC	thumb	func_804BAAC
0x1004BB10	thumb	func_804BB10
0x1004BBB8	thumb	func_804BBB8
0x1004BC10	thumb	func_804BC10
0x1004BC68	thumb	func_804BC68
0x1004BCD0	thumb	func_804BCD0
0x1004BDA0	thumb	func_804BDA0
0x1004BDC0	thumb	func_804BDC0
0x1004BE3C	thumb	func_804BE3C
0x1004BEB0	thumb	func_804BEB0
0x1004C600	thumb	func_804C600
0x1004C660	thumb	func_804C660
0x1004C6AC	thumb	func_804C6AC
0x1004C710	thumb	func_804C710
0x1004C78C	thumb	func_804C78C
0x1004C848	thumb	func_804C848
0x1004C87C	thumb	func_804C87C
0x1004C910	thumb	func_804C910
0x1004C954	thumb	func_804C954
0x1004C97C	thumb	func_804C97C
0x1004C9A4	thumb	func_804C9A4
0x1004C9CC	thumb	func_804C9CC
0x1004C9F4	thumb	func_804C9F4
0x1004CA28	thumb	func_804CA28
0x1004CBC0	thumb	func_804CBC0
0x1004CC38	thumb	func_804CC38
0x1004CC58	thumb	func_804CC58
0x1004CDB4	thumb	func_804CDB4
0x1004CDD4	thumb	func_804CDD4
0x1004CE44	thumb	func_804CE44
0x1004CE7C	thumb	func_804CE7C
0x1004CE90	thumb	func_804CE90
0x1004CEA4	thumb	func_804CEA4
0x1004CEC4	thumb	func_804CEC4
0x1004CF50	thumb	func_804CF50
0x1004CF74	thumb	func_804CF74
0x1004CFDC	thumb	func_804CFDC
0x1004CFFC	thumb	func_804CFFC
0x1004D01C	thumb	func_804D01C
0x1004D044	thumb	func_804D044
0x1004D0BC	thumb	func_804D0BC
0x1004D0D0	thumb	func_804D0D0
0x1004D0E4	thumb	func_804D0E4
0x1004D148	thumb	func_804D148
0x1004D15C	thumb	func_804D15C
0x1004D170	thumb	func_804D170
0x1004D1A0	thumb	func_804D1A0
0x1004D1B4	thumb	func_804D1B4
0x1004D1C8	thumb	func_804D1C8
0x1004D1EC	thumb	func_804D1EC
0x1004D200	thumb	func_804D200
0x1004D214	thumb	func_804D214
0x1004D28C	thumb	func_804D28C
0x1004D2C4	thumb	func_804D2C4
0x1004D2F0	thumb	func_804D2F0
0x1004D304	thumb	func_804D304
0x1004D318	thumb	func_804D318
0x1004D340	thumb	func_804D340
0x1004D3D4	thumb	func_804D3D4
0x1004D3EC	thumb	func_804D3EC
0x1004D400	thumb	func_804D400
0x1004D414	thumb	func_804D414
0x1004D430	thumb	func_804D430
0x1004D444	thumb	func_804D444
0x1004D458	thumb	func_804D458
0x1004D4D0	thumb	func_804D4D0
0x1004D538	thumb	func_804D538
0x1004D55C	thumb	func_804D55C
0x1004D994	thumb	func_804D994
0x1004D9B4	thumb	func_804D9B4
0x1004DA08	thumb	func_804DA08
0x1004DA24	thumb	func_804DA24
0x1004DB40	thumb	func_804DB40
0x1004DB60	thumb	func_804DB60
0x1004DBC4	thumb	func_804DBC4
0x1004DC28	thumb	func_804DC28
0x1004DC48	thumb	func_804DC48
0x1004DCA0	thumb	func_804DCA0
0x1004DCB8	thumb	func_804DCB8
0x1004DCE4	thumb	func_804DCE4
0x1004DD10	thumb	func_804DD10
0x1004DD28	thumb	func_804DD28
0x1004DD44	thumb	func_804DD44
0x1004DDAC	thumb	func_804DDAC
0x1004DDF4	thumb	func_804DDF4
0x1004DE14	thumb	func_804DE14
0x1004DE44	thumb	func_804DE44
0x1004DEAC	thumb	func_804DEAC
0x1004DEF0	thumb	func_804DEF0
0x1004DF80	thumb	func_804DF80
0x1004E64C	thumb	func_804E64C
0x1004E6D0	thumb	func_804E6D0
0x1004E700	thumb	func_804E700
0x1004E754	thumb	func_804E754
0x1004E7F8	thumb	func_804E7F8
0x1004E874	thumb	func_804E874
0x1004E8F0	thumb	func_804E8F0
0x1004E96C	thumb	func_804E96C
0x1004E9C4	thumb	func_804E9C4
0x1004EA04	thumb	func_804EA04
0x1004EA88	thumb	func_804EA88
0x1004EB30	thumb	func_804EB30
0x1004EB58	thumb	func_804EB58
0x1004EB84	thumb	func_804EB84
0x1004EC78	thumb	func_804EC78
0x1004EDC8	thumb	func_804EDC8
0x1004EE58	thumb	func_804EE58
0x1004EE70	thumb	func_804EE70
0x1004F144	thumb	func_804F144
0x1004F1B4	thumb	func_804F1B4
0x1004F208	thumb	func_804F208
0x1004F27C	thumb	func_804F27C
0x1004F2A8	thumb	func_804F2A8
0x1004F31C	thumb	func_804F31C
0x1004F364	thumb	func_804F364
0x1004F3FC	thumb	func_804F3FC
0x1004F454	thumb	func_804F454
0x1004F4E0	thumb	func_804F4E0
0x1004F5A8	thumb	func_804F5A8
0x1004F688	thumb	func_804F688
0x1004F708	thumb	func_804F708
0x1004F7D4	thumb	func_804F7D4
0x1004F86C	thumb	func_804F86C
0x1004F8DC	thumb	func_804F8DC
0x1004F94C	thumb	func_804F94C
0x1004F9F8	thumb	func_804F9F8
0x1004FB24	thumb	func_804FB24
0x1004FB94	thumb	func_804FB94
0x1004FC04	thumb	func_804FC04
0x1004FC94	thumb	func_804FC94
0x1004FD2C	thumb	func_804FD2C
0x1004FD8C	thumb	func_804FD8C
0x1004FDBC	thumb	func_804FDBC
0x1004FE20	thumb	func_804FE20
0x1004FEC8	thumb	func_804FEC8
0x1004FFA4	thumb	func_804FFA4
0x1004FFBC	thumb	func_804FFBC
0x1004FFCC	thumb	func_804FFCC
0x1004FFEC	thumb	func_804FFEC
0x10050020	thumb	func_8050020
0x10050038	thumb	func_8050038
0x10050048	thumb	func_8050048
0x10050078	thumb	func_8050078
0x10050144	thumb	func_8050144
0x100501E4	thumb	func_80501E4
0x10050214	thumb	func_8050214
0x10050270	thumb	func_8050270
0x10050308	thumb	func_8050308
0x1005037C	thumb	func_805037C
0x100503A4	thumb	func_80503A4
0x100503D0	thumb	func_80503D0
0x10050464	thumb	func_8050464
0x100504D8	thumb	func_80504D8
0x100504FC	thumb	func_80504FC
0x10050548	thumb	func_8050548
0x10050574	thumb	func_8050574
0x1005071C	thumb	func_805071C
0x10050890	thumb	func_8050890
0x10050A10	thumb	func_8050A10
0x10050A40	thumb	func_8050A40
0x10050AB4	thumb	func_8050AB4
0x10050AD8	thumb	func_8050AD8
0x10050B34	thumb	func_8050B34
0x10050BA0	thumb	func_8050BA0
0x10050D48	thumb	func_8050D48
0x10050F4C	thumb	func_8050F4C
0x10050FA0	thumb	func_8050FA0
0x10051014	thumb	func_8051014
0x1005105C	thumb	func_805105C
0x100510C4	thumb	func_80510C4
0x100510F4	thumb	func_80510F4
0x10051124	thumb	func_8051124
0x10051140	thumb	func_8051140
0x100511A0	thumb	func_80511A0
0x100511E8	thumb	func_80511E8
0x100512D8	thumb	func_80512D8
0x1005134C	thumb	func_805134C
0x10051380	thumb	func_8051380
0x10051504	thumb	func_8051504
0x10051614	thumb	func_8051614
0x1005183C	thumb	func_805183C
0x10051864	thumb	func_8051864
0x100518E4	thumb	func_80518E4
0x100519C8	thumb	func_80519C8
0x10051C08	thumb	func_8051C08
0x10051C90	thumb	func_8051C90
0x10051D10	thumb	func_8051D10
0x10051D8C	thumb	func_8051D8C
0x10051E70	thumb	func_8051E70
0x10051ED8	thumb	func_8051ED8
0x10051FEC	thumb	func_8051FEC
0x10052048	thumb	func_8052048
0x100520B4	thumb	func_80520B4
0x10052144	thumb	func_8052144
0x10052178	thumb	func_8052178
0x100521AC	thumb	func_80521AC
0x10052244	thumb	func_8052244
0x1005231C	thumb	func_805231C
0x100524A0	thumb	func_80524A0
0x10052590	thumb	func_8052590
0x10052718	thumb	func_8052718
0x10052A9C	thumb	func_8052A9C
0x10052B60	thumb	func_8052B60
0x10052B8C	thumb	func_8052B8C
0x10052C0C	thumb	func_8052C0C
0x10052CF8	thumb	func_8052CF8
0x10052DD0	thumb	func_8052DD0
0x10052F14	thumb	func_8052F14
0x10052F54	thumb	func_8052F54
0x10052FC8	thumb	func_8052FC8
0x10052FF0	thumb	func_8052FF0
0x10053038	thumb	func_8053038
0x100530EC	thumb	func_80530EC
0x1005324C	thumb	func_805324C
0x100532C0	thumb	func_80532C0
0x100532F4	thumb	func_80532F4
0x10053354	thumb	func_8053354
0x10053484	thumb	func_8053484
0x100534CC	thumb	func_80534CC
0x100534E8	thumb	func_80534E8
0x100534FC	thumb	func_80534FC
0x10053A2C	thumb	func_8053A2C
0x10053BBC	thumb	func_8053BBC
0x10053CCC	thumb	func_8053CCC
0x10053D08	thumb	func_8053D08
0x10053E80	thumb	func_8053E80
0x10053EB8	thumb	func_8053EB8
0x10053EF0	thumb	func_8053EF0
0x10053F20	thumb	func_8053F20
0x10053FDC	thumb	func_8053FDC
0x100540A4	thumb	func_80540A4
0x100540E4	thumb	func_80540E4
0x10054150	thumb	func_8054150
0x1005417C	thumb	func_805417C
0x100541B8	thumb	func_80541B8
0x100541E4	thumb	func_80541E4
0x10054220	thumb	func_8054220
0x10054260	thumb	func_8054260
0x1005429C	thumb	func_805429C
0x100542DC	thumb	func_80542DC
0x1005431C	thumb	func_805431C
0x10054398	thumb	func_8054398
0x100543C0	thumb	func_80543C0
0x10054480	thumb	func_8054480
0x100544D4	thumb	func_80544D4
0x10054554	thumb	func_8054554
0x10054578	thumb	func_8054578
0x100545BC	thumb	func_80545BC
0x100545EC	thumb	func_80545EC
0x10054618	thumb	func_8054618
0x10054660	thumb	func_8054660
0x10054680	thumb	func_8054680
0x10054710	thumb	func_8054710
0x10054730	thumb	func_8054730
0x100547BC	thumb	func_80547BC
0x100547E0	thumb	func_80547E0
0x10054940	thumb	func_8054940
0x100549B4	thumb	func_80549B4
0x10054A14	thumb	func_8054A14
0x10054ADC	thumb	func_8054ADC
0x10054B0C	thumb	func_8054B0C
0x10054B70	thumb	func_8054B70
0x10054B90	thumb	func_8054B90
0x10054BFC	thumb	func_8054BFC
0x10054C1C	thumb	func_8054C1C
0x10054CF8	thumb	func_8054CF8
0x10054D28	thumb	func_8054D28
0x10054D80	thumb	func_8054D80
0x10054E34	thumb	func_8054E34
0x10054ED8	thumb	func_8054ED8
0x10054EFC	thumb	func_8054EFC
0x10054F70	thumb	func_8054F70
0x10055010	thumb	func_8055010
0x10055090	thumb	func_8055090
0x10055100	thumb	func_8055100
0x10055218	thumb	func_8055218
0x10055358	thumb	func_8055358
0x100553A0	thumb	func_80553A0
0x100554AC	thumb	func_80554AC
0x100555E0	thumb	func_80555E0
0x10055610	thumb	func_8055610
0x1005562C	thumb	func_805562C
0x1005564C	thumb	func_805564C
0x10055690	thumb	func_8055690
0x100556A4	thumb	func_80556A4
0x100556B8	thumb	func_80556B8
0x100556D8	thumb	func_80556D8
0x100556FC	thumb	func_80556FC
0x10055758	thumb	func_8055758
0x100557D8	thumb	func_80557D8
0x1005580C	thumb	func_805580C
0x10055824	thumb	func_8055824
0x10055848	thumb	func_8055848
0x10055898	thumb	func_8055898
0x100558B8	thumb	func_80558B8
0x100558D4	thumb	func_80558D4
0x10055910	thumb	func_8055910
0x10055930	thumb	func_8055930
0x1005594C	thumb	func_805594C
0x1005597C	thumb	func_805597C
0x10055990	thumb	func_8055990
0x100559A4	thumb	func_80559A4
0x100559B0	thumb	func_80559B0
0x100559E8	thumb	func_80559E8
0x100559FC	thumb	func_80559FC
0x10055A10	thumb	func_8055A10
0x10055A1C	thumb	func_8055A1C
0x10055A28	thumb	func_8055A28
0x10055A38	thumb	func_8055A38
0x10055A48	thumb	func_8055A48
0x10055A60	thumb	func_8055A60
0x10055ADC	thumb	func_8055ADC
0x10055B5C	thumb	func_8055B5C
0x10055C64	thumb	func_8055C64
0x10055CB8	thumb	func_8055CB8
0x10055D8C	thumb	func_8055D8C
0x10056960	thumb	func_8056960
0x10056DB0	thumb	func_8056DB0
0x10056EB0	thumb	func_8056EB0
0x10056F20	thumb	func_8056F20
0x10056F64	thumb	func_8056F64
0x10056FD4	thumb	func_8056FD4
0x10057000	thumb	func_8057000
0x10057024	thumb	func_8057024
0x10057064	thumb	func_8057064
0x10057088	thumb	func_8057088
0x100570C0	thumb	func_80570C0
0x10057144	thumb	func_8057144
0x1005716C	thumb	func_805716C
0x1005717C	thumb	func_805717C
0x100571E8	thumb	func_80571E8
0x10057304	thumb	func_8057304
0x10057334	thumb	func_8057334
0x1005738C	thumb	func_805738C
0x100573B8	thumb	func_80573B8
0x10057504	thumb	func_8057504
0x10057524	thumb	func_8057524
0x100575B0	thumb	func_80575B0
0x100575E0	thumb	func_80575E0
0x10057604	thumb	func_8057604
0x10057624	thumb	func_8057624
0x1005764C	thumb	func_805764C
0x10057700	thumb	func_8057700
0x10057728	thumb	func_8057728
0x10057774	thumb	func_8057774
0x10057788	thumb	func_8057788
0x1005779C	thumb	func_805779C
0x100577D4	thumb	func_80577D4
0x100577E8	thumb	func_80577E8
0x100577FC	thumb	func_80577FC
0x1005782C	thumb	func_805782C
0x10057840	thumb	func_8057840
0x10057854	thumb	func_8057854
0x10057884	thumb	func_8057884
0x10057898	thumb	func_8057898
0x100578AC	thumb	func_80578AC
0x100578DC	thumb	func_80578DC
0x100578F0	thumb	func_80578F0
0x10057904	thumb	func_8057904
0x1005793C	thumb	func_805793C
0x1005798C	thumb	func_805798C
0x100579A0	thumb	func_80579A0
0x100579B4	thumb	func_80579B4
0x100579EC	thumb	func_80579EC
0x10057A00	thumb	func_8057A00
0x10057A14	thumb	func_8057A14
0x10057A3C	thumb	func_8057A3C
0x10057AC8	thumb	func_8057AC8
0x10057AE8	thumb	func_8057AE8
0x10057B4C	thumb	func_8057B4C
0x10057BC8	thumb	func_8057BC8
0x10057BE8	thumb	func_8057BE8
0x10057C04	thumb	func_8057C04
0x10057C24	thumb	func_8057C24
0x10057C30	thumb	func_8057C30
0x10057C5C	thumb	func_8057C5C
0x10057CA0	thumb	func_8057CA0
0x10057CB4	thumb	func_8057CB4
0x100583B0	thumb	func_80583B0
0x100583E0	thumb	func_80583E0
0x1005844C	thumb	func_805844C
0x10058498	thumb	func_8058498
0x100584AC	thumb	func_80584AC
0x100584C0	thumb	func_80584C0
0x100584F8	thumb	func_80584F8
0x1005850C	thumb	func_805850C
0x10058520	thumb	func_8058520
0x10058820	thumb	func_8058820
0x10058890	thumb	func_8058890
0x100588C8	thumb	func_80588C8
0x10058950	thumb	func_8058950
0x100589BC	thumb	func_80589BC
0x100589E0	thumb	func_80589E0
0x10058B30	thumb	func_8058B30
0x10058B5C	thumb	func_8058B5C
0x10058BA8	thumb	func_8058BA8
0x10058BD4	thumb	func_8058BD4
0x10058BF8	thumb	func_8058BF8
0x10058C68	thumb	func_8058C68
0x10058C90	thumb	func_8058C90
0x10058CBC	thumb	func_8058CBC
0x10058D34	thumb	func_8058D34
0x10058D48	thumb	func_8058D48
0x10058D5C	thumb	func_8058D5C
0x10058DC0	thumb	func_8058DC0
0x10058DD4	thumb	func_8058DD4
0x10058DE8	thumb	func_8058DE8
0x10058E1C	thumb	func_8058E1C
0x10058E30	thumb	func_8058E30
0x10058E44	thumb	func_8058E44
0x10058E6C	thumb	func_8058E6C
0x10058E80	thumb	func_8058E80
0x10058E94	thumb	func_8058E94
0x10058EF8	thumb	func_8058EF8
0x10058F30	thumb	func_8058F30
0x10058F70	thumb	func_8058F70
0x10058F84	thumb	func_8058F84
0x10058F98	thumb	func_8058F98
0x10058FCC	thumb	func_8058FCC
0x10058FE0	thumb	func_8058FE0
0x10058FF4	thumb	func_8058FF4
0x10059024	thumb	func_8059024
0x100590B0	thumb	func_80590B0
0x100590C8	thumb	func_80590C8
0x100590DC	thumb	func_80590DC
0x100590F0	thumb	func_80590F0
0x1005910C	thumb	func_805910C
0x10059120	thumb	func_8059120
0x10059134	thumb	func_8059134
0x10059198	thumb	func_8059198
0x100595FC	thumb	func_80595FC
0x10059680	thumb	func_8059680
0x100596CC	thumb	func_80596CC
0x100596F4	thumb	func_80596F4
0x10059740	thumb	func_8059740
0x10059834	thumb	func_8059834
0x100598F8	thumb	func_80598F8
0x100599BC	thumb	func_80599BC
0x10059A20	thumb	func_8059A20
0x10059A9C	thumb	func_8059A9C
0x10059AFC	thumb	func_8059AFC
0x10059B54	thumb	func_8059B54
0x10059B9C	thumb	func_8059B9C
0x10059BC4	thumb	func_8059BC4
0x10059C1C	thumb	func_8059C1C
0x10059C3C	thumb	func_8059C3C
0x10059C58	thumb	func_8059C58
0x10059C7C	thumb	func_8059C7C
0x10059CB4	thumb	func_8059CB4
0x10059CDC	thumb	func_8059CDC
0x10059D04	thumb	func_8059D04
0x10059D20	thumb	func_8059D20
0x10059F88	thumb	func_8059F88
0x10059FD8	thumb	func_8059FD8
0x10059FF8	thumb	func_8059FF8
0x1005A03C	thumb	func_805A03C
0x1005A094	thumb	func_805A094
0x1005A0C4	thumb	func_805A0C4
0x1005A0E4	thumb	func_805A0E4
0x1005A178	thumb	func_805A178
0x1005A28C	thumb	func_805A28C
0x1005A354	thumb	func_805A354
0x1005A438	thumb	func_805A438
0x1005A49C	thumb	func_805A49C
0x1005A564	thumb	func_805A564
0x1005A6C4	thumb	func_805A6C4
0x1005A96C	thumb	func_805A96C
0x1005A9DC	thumb	func_805A9DC
0x1005AA40	thumb	func_805AA40
0x1005AAC4	thumb	func_805AAC4
0x1005AAE8	thumb	func_805AAE8
0x1005AB08	thumb	func_805AB08
0x1005AB44	thumb	func_805AB44
0x1005AB94	thumb	func_805AB94
0x1005AC00	thumb	func_805AC00
0x1005ACC4	thumb	func_805ACC4
0x1005AD5C	thumb	func_805AD5C
0x1005AE20	thumb	func_805AE20
0x1005AEB4	thumb	func_805AEB4
0x1005AF7C	thumb	func_805AF7C
0x1005AFF0	thumb	func_805AFF0
0x1005B054	thumb	func_805B054
0x1005B0C8	thumb	func_805B0C8
0x1005B13C	thumb	func_805B13C
0x1005B1DC	thumb	func_805B1DC
0x1005B24C	thumb	func_805B24C
0x1005B480	thumb	func_805B480
0x1005B4DC	thumb	func_805B4DC
0x1005B508	thumb	func_805B508
0x1005B568	thumb	func_805B568
0x1005B5BC	thumb	func_805B5BC
0x1005B644	thumb	func_805B644
0x1005B6AC	thumb	func_805B6AC
0x1005B710	thumb	func_805B710
0x1005B738	thumb	func_805B738
0x1005B784	thumb	func_805B784
0x1005B890	thumb	func_805B890
0x1005BA9C	thumb	func_805BA9C
0x1005BAF8	thumb	func_805BAF8
0x1005BC30	thumb	func_805BC30
0x1005BCE0	thumb	func_805BCE0
0x1005BDDC	thumb	func_805BDDC
0x1005BE50	thumb	func_805BE50
0x1005C0E4	thumb	func_805C0E4
0x1005C264	thumb	func_805C264
0x1005C3C8	thumb	func_805C3C8
0x1005C50C	thumb	func_805C50C
0x1005C6A8	thumb	func_805C6A8
0x1005C758	thumb	func_805C758
0x1005C888	thumb	func_805C888
0x1005C934	thumb	func_805C934
0x1005CB20	thumb	func_805CB20
0x1005CCDC	thumb	func_805CCDC
0x1005CD4C	thumb	func_805CD4C
0x1005CDF8	thumb	func_805CDF8
0x1005CEC8	thumb	func_805CEC8
0x1005CF80	thumb	func_805CF80
0x1005D048	thumb	func_805D048
0x1005D0A4	thumb	func_805D0A4
0x1005D144	thumb	func_805D144
0x1005D1E8	thumb	func_805D1E8
0x1005D244	thumb	func_805D244
0x1005D2A0	thumb	func_805D2A0
0x1005D38C	thumb	func_805D38C
0x1005D5BC	thumb	func_805D5BC
0x1005D640	thumb	func_805D640
0x1005D6E4	thumb	func_805D6E4
0x1005D768	thumb	func_805D768
0x1005D810	thumb	func_805D810
0x1005D878	thumb	func_805D878
0x1005D8CC	thumb	func_805D8CC
0x1005D93C	thumb	func_805D93C
0x1005D954	thumb	func_805D954
0x1005D9D0	thumb	func_805D9D0
0x1005DA4C	thumb	func_805DA4C
0x1005DAC0	thumb	func_805DAC0
0x1005DB10	thumb	func_805DB10
0x1005DB98	thumb	func_805DB98
0x1005DC4C	thumb	func_805DC4C
0x1005DC74	thumb	func_805DC74
0x1005E0B8	thumb	func_805E0B8
0x1005E3E4	thumb	func_805E3E4
0x1005E414	thumb	func_805E414
0x1005E450	thumb	func_805E450
0x1005E478	thumb	func_805E478
0x1005E5A0	thumb	func_805E5A0
0x1005E5D0	thumb	func_805E5D0
0x1005E66C	thumb	func_805E66C
0x1005E6A0	thumb	func_805E6A0
0x1005E6C4	thumb	func_805E6C4
0x1005E6F8	thumb	func_805E6F8
0x1005E72C	thumb	func_805E72C
0x1005E78C	thumb	func_805E78C
0x1005E7A0	thumb	func_805E7A0
0x1005E7B4	thumb	func_805E7B4
0x1005E800	thumb	func_805E800
0x1005E814	thumb	func_805E814
0x1005E828	thumb	func_805E828
0x1005E868	thumb	func_805E868
0x1005E87C	thumb	func_805E87C
0x1005E890	thumb	func_805E890
0x1005E8C0	thumb	func_805E8C0
0x1005E8D4	thumb	func_805E8D4
0x1005E8E8	thumb	func_805E8E8
0x1005E918	thumb	func_805E918
0x1005E92C	thumb	func_805E92C
0x1005E940	thumb	func_805E940
0x1005E988	thumb	func_805E988
0x1005E994	thumb	func_805E994
0x1005E9EC	thumb	func_805E9EC
0x1005EA00	thumb	func_805EA00
0x1005EA14	thumb	func_805EA14
0x1005EA4C	thumb	func_805EA4C
0x1005EA60	thumb	func_805EA60
0x1005EA74	thumb	func_805EA74
0x1005EAB0	thumb	func_805EAB0
0x1005EB3C	thumb	func_805EB3C
0x1005EB54	thumb	func_805EB54
0x1005EB68	thumb	func_805EB68
0x1005EB7C	thumb	func_805EB7C
0x1005EB98	thumb	func_805EB98
0x1005EBAC	thumb	func_805EBAC
0x1005EF40	thumb	func_805EF40
0x1005EF70	thumb	func_805EF70
0x1005EFA0	thumb	func_805EFA0
0x1005EFC8	thumb	func_805EFC8
0x1005F0F0	thumb	func_805F0F0
0x1005F120	thumb	func_805F120
0x1005F1BC	thumb	func_805F1BC
0x1005F1F0	thumb	func_805F1F0
0x1005F214	thumb	func_805F214
0x1005F234	thumb	func_805F234
0x1005F268	thumb	func_805F268
0x1005F2F0	thumb	func_805F2F0
0x1005F304	thumb	func_805F304
0x1005F318	thumb	func_805F318
0x1005F38C	thumb	func_805F38C
0x1005F3A0	thumb	func_805F3A0
0x1005F3B4	thumb	func_805F3B4
0x1005F3F4	thumb	func_805F3F4
0x1005F408	thumb	func_805F408
0x1005F41C	thumb	func_805F41C
0x1005F44C	thumb	func_805F44C
0x1005F460	thumb	func_805F460
0x1005F474	thumb	func_805F474
0x1005F4A4	thumb	func_805F4A4
0x1005F4B8	thumb	func_805F4B8
0x1005F4CC	thumb	func_805F4CC
0x1005F540	thumb	func_805F540
0x1005F578	thumb	func_805F578
0x1005F5D0	thumb	func_805F5D0
0x1005F5E4	thumb	func_805F5E4
0x1005F5F8	thumb	func_805F5F8
0x1005F630	thumb	func_805F630
0x1005F644	thumb	func_805F644
0x1005F658	thumb	func_805F658
0x1005F694	thumb	func_805F694
0x1005F720	thumb	func_805F720
0x1005F738	thumb	func_805F738
0x1005F74C	thumb	func_805F74C
0x1005F760	thumb	func_805F760
0x1005F77C	thumb	func_805F77C
0x1005F790	thumb	func_805F790
0x1005FB24	thumb	func_805FB24
0x1005FB94	thumb	func_805FB94
0x1005FBB8	thumb	func_805FBB8
0x1005FD04	thumb	func_805FD04
0x1005FD2C	thumb	func_805FD2C
0x1005FDAC	thumb	func_805FDAC
0x1005FDE4	thumb	func_805FDE4
0x1005FDF8	thumb	func_805FDF8
0x1005FE0C	thumb	func_805FE0C
0x1005FE34	thumb	func_805FE34
0x1005FE90	thumb	func_805FE90
0x1005FFD4	thumb	func_805FFD4
0x10060000	thumb	func_8060000
0x1006002C	thumb	func_806002C
0x10060168	thumb	func_8060168
0x10060190	thumb	func_8060190
0x100601B4	thumb	func_80601B4
0x1006022C	thumb	func_806022C
0x1006024C	thumb	func_806024C
0x10060274	thumb	func_8060274
0x100602C4	thumb	func_80602C4
0x100602D8	thumb	func_80602D8
0x100602EC	thumb	func_80602EC
0x10060328	thumb	func_8060328
0x1006033C	thumb	func_806033C
0x10060350	thumb	func_8060350
0x10060384	thumb	func_8060384
0x10060398	thumb	func_8060398
0x100603AC	thumb	func_80603AC
0x100603DC	thumb	func_80603DC
0x100603F0	thumb	func_80603F0
0x10060404	thumb	func_8060404
0x10060428	thumb	func_8060428
0x1006043C	thumb	func_806043C
0x10060450	thumb	func_8060450
0x1006049C	thumb	func_806049C
0x100604A8	thumb	func_80604A8
0x100604D4	thumb	func_80604D4
0x100604E8	thumb	func_80604E8
0x100604FC	thumb	func_80604FC
0x1006052C	thumb	func_806052C
0x100605B8	thumb	func_80605B8
0x100605D0	thumb	func_80605D0
0x100605E4	thumb	func_80605E4
0x100605F8	thumb	func_80605F8
0x10060614	thumb	func_8060614
0x10060628	thumb	func_8060628
0x10060A24	thumb	func_8060A24
0x10060A54	thumb	func_8060A54
0x10060A9C	thumb	func_8060A9C
0x10060ACC	thumb	func_8060ACC
0x10060C30	thumb	func_8060C30
0x10060C5C	thumb	func_8060C5C
0x10060C9C	thumb	func_8060C9C
0x10060CC8	thumb	func_8060CC8
0x10060D4C	thumb	func_8060D4C
0x10060D90	thumb	func_8060D90
0x10060DA4	thumb	func_8060DA4
0x10060DB8	thumb	func_8060DB8
0x10060DD8	thumb	func_8060DD8
0x10060E0C	thumb	func_8060E0C
0x10060E34	thumb	func_8060E34
0x10060E68	thumb	func_8060E68
0x10060EE0	thumb	func_8060EE0
0x10060EF4	thumb	func_8060EF4
0x10060F08	thumb	func_8060F08
0x10060F6C	thumb	func_8060F6C
0x10060F80	thumb	func_8060F80
0x10060F94	thumb	func_8060F94
0x10060FC4	thumb	func_8060FC4
0x10060FD8	thumb	func_8060FD8
0x10060FEC	thumb	func_8060FEC
0x1006101C	thumb	func_806101C
0x10061030	thumb	func_8061030
0x10061044	thumb	func_8061044
0x100610B8	thumb	func_80610B8
0x100610F0	thumb	func_80610F0
0x10061128	thumb	func_8061128
0x1006113C	thumb	func_806113C
0x10061150	thumb	func_8061150
0x10061180	thumb	func_8061180
0x1006120C	thumb	func_806120C
0x10061218	thumb	func_8061218
0x10061224	thumb	func_8061224
0x10061234	thumb	func_8061234
0x100615D0	thumb	func_80615D0
0x10061738	thumb	func_8061738
0x1006177C	thumb	func_806177C
0x100617B8	thumb	func_80617B8
0x100617E8	thumb	func_80617E8
0x10061818	thumb	func_8061818
0x10061854	thumb	func_8061854
0x1006189C	thumb	func_806189C
0x1006194C	thumb	func_806194C
0x1006197C	thumb	func_806197C
0x100619B0	thumb	func_80619B0
0x100619D8	thumb	func_80619D8
0x10061B00	thumb	func_8061B00
0x10061B30	thumb	func_8061B30
0x10061BCC	thumb	func_8061BCC
0x10061C00	thumb	func_8061C00
0x10061C24	thumb	func_8061C24
0x10061C4C	thumb	func_8061C4C
0x10061C80	thumb	func_8061C80
0x10061CF8	thumb	func_8061CF8
0x10061D0C	thumb	func_8061D0C
0x10061D20	thumb	func_8061D20
0x10061D84	thumb	func_8061D84
0x10061D98	thumb	func_8061D98
0x10061DAC	thumb	func_8061DAC
0x10061DEC	thumb	func_8061DEC
0x10061E00	thumb	func_8061E00
0x10061E14	thumb	func_8061E14
0x10061E44	thumb	func_8061E44
0x10061E58	thumb	func_8061E58
0x10061E6C	thumb	func_8061E6C
0x10061E9C	thumb	func_8061E9C
0x10061EB0	thumb	func_8061EB0
0x10061EC4	thumb	func_8061EC4
0x10061F28	thumb	func_8061F28
0x10061F60	thumb	func_8061F60
0x10061FB8	thumb	func_8061FB8
0x10061FCC	thumb	func_8061FCC
0x10061FE0	thumb	func_8061FE0
0x10062018	thumb	func_8062018
0x1006202C	thumb	func_806202C
0x10062040	thumb	func_8062040
0x1006207C	thumb	func_806207C
0x10062108	thumb	func_8062108
0x10062120	thumb	func_8062120
0x10062134	thumb	func_8062134
0x10062148	thumb	func_8062148
0x10062160	thumb	func_8062160
0x100624F8	thumb	func_80624F8
0x1006254C	thumb	func_806254C
0x100625A4	thumb	func_80625A4
0x100625FC	thumb	func_80625FC
0x10062650	thumb	func_8062650
0x10062670	thumb	func_8062670
0x10062684	thumb	func_8062684
0x100626C0	thumb	func_80626C0
0x100626DC	thumb	func_80626DC
0x100626F4	thumb	func_80626F4
0x1006270C	thumb	func_806270C
0x10062720	thumb	func_8062720
0x10062734	thumb	func_8062734
0x10062758	thumb	func_8062758
0x1006276C	thumb	func_806276C
0x10062780	thumb	func_8062780
0x10062798	thumb	func_8062798
0x10062AC8	thumb	func_8062AC8
0x10062B04	thumb	func_8062B04
0x10062C0C	thumb	func_8062C0C
0x10062C78	thumb	func_8062C78
0x10062D40	thumb	func_8062D40
0x10062D98	thumb	func_8062D98
0x10062F5C	thumb	func_8062F5C
0x10063058	thumb	func_8063058
0x10063304	thumb	func_8063304
0x10063384	thumb	func_8063384
0x100634B4	thumb	func_80634B4
0x10063570	thumb	func_8063570
0x1006360C	thumb	func_806360C
0x10063734	thumb	func_8063734
0x10063888	thumb	func_8063888
0x10063940	thumb	func_8063940
0x10063964	thumb	func_8063964
0x10063A00	thumb	func_8063A00
0x10063ABC	thumb	func_8063ABC
0x10063B98	thumb	func_8063B98
0x10063C04	thumb	func_8063C04
0x10063CF8	thumb	func_8063CF8
0x10063D58	thumb	func_8063D58
0x10063DB8	thumb	func_8063DB8
0x10063E00	thumb	func_8063E00
0x10063E70	thumb	func_8063E70
0x10063EAC	thumb	func_8063EAC
0x10063FF4	thumb	func_8063FF4
0x100640CC	thumb	func_80640CC
0x10064168	thumb	func_8064168
0x100642CC	thumb	func_80642CC
0x100643B8	thumb	func_80643B8
0x10064438	thumb	func_8064438
0x10064498	thumb	func_8064498
0x100644EC	thumb	func_80644EC
0x10064570	thumb	func_8064570
0x1006459C	thumb	func_806459C
0x100645CC	thumb	func_80645CC
0x10064778	thumb	func_8064778
0x100647C0	thumb	func_80647C0
0x1006480C	thumb	func_806480C
0x1006487C	thumb	func_806487C
0x10064AF0	thumb	func_8064AF0
0x10064BC0	thumb	func_8064BC0
0x100652A4	thumb	func_80652A4
0x10065314	thumb	func_8065314
0x10065380	thumb	func_8065380
0x10065398	thumb	func_8065398
0x10065400	thumb	func_8065400
0x10065480	thumb	func_8065480
0x10065494	thumb	func_8065494
0x10065510	thumb	func_8065510
0x10065574	thumb	func_8065574
0x1006558C	thumb	func_806558C
0x100656A0	thumb	func_80656A0
0x10065784	thumb	func_8065784
0x100657FC	thumb	func_80657FC
0x1006586C	thumb	func_806586C
0x100658C8	thumb	func_80658C8
0x100659E8	thumb	func_80659E8
0x10065A18	thumb	func_8065A18
0x10065A54	thumb	func_8065A54
0x10065A70	thumb	func_8065A70
0x10065B14	thumb	func_8065B14
0x10065B3C	thumb	func_8065B3C
0x10065B78	thumb	func_8065B78
0x10065BB4	thumb	func_8065BB4
0x10065BC8	thumb	func_8065BC8
0x10065BDC	thumb	func_8065BDC
0x10065BF0	thumb	func_8065BF0
0x10065C0C	thumb	func_8065C0C
0x10065C28	thumb	func_8065C28
0x10065C54	thumb	func_8065C54
0x10065C68	thumb	func_8065C68
0x10065C7C	thumb	func_8065C7C
0x10065CA0	thumb	func_8065CA0
0x10065CAC	thumb	func_8065CAC
0x10065CB8	thumb	func_8065CB8
0x10065CC8	thumb	func_8065CC8
0x10065CD8	thumb	func_8065CD8
0x10065CE8	thumb	func_8065CE8
0x10065D7C	thumb	func_8065D7C
0x10065E04	thumb	func_8065E04
0x10065E54	thumb	func_8065E54
0x10065EA4	thumb	func_8065EA4
0x10065EC8	thumb	func_8065EC8
0x10065EE4	thumb	func_8065EE4
0x10065F28	thumb	func_8065F28
0x10065F80	thumb	func_8065F80
0x10065F94	thumb	func_8065F94
0x10065FA8	thumb	func_8065FA8
0x10065FBC	thumb	func_8065FBC
0x10065FD8	thumb	func_8065FD8
0x10065FF4	thumb	func_8065FF4
0x10066020	thumb	func_8066020
0x10066034	thumb	func_8066034
0x10066048	thumb	func_8066048
0x1006606C	thumb	func_806606C
0x10066084	thumb	func_8066084
0x1006609C	thumb	func_806609C
0x100660B8	thumb	func_80660B8
0x100660D4	thumb	func_80660D4
0x100660E4	thumb	func_80660E4
0x10066198	thumb	func_8066198
0x100661FC	thumb	func_80661FC
0x10066214	thumb	func_8066214
0x10066378	thumb	func_8066378
0x100663A8	thumb	func_80663A8
0x10066400	thumb	func_8066400
0x10066414	thumb	func_8066414
0x10066428	thumb	func_8066428
0x1006643C	thumb	func_806643C
0x10066458	thumb	func_8066458
0x10066474	thumb	func_8066474
0x100664B8	thumb	func_80664B8
0x100664CC	thumb	func_80664CC
0x100664E0	thumb	func_80664E0
0x10066520	thumb	func_8066520
0x1006656C	thumb	func_806656C
0x100665B8	thumb	func_80665B8
0x100665E4	thumb	func_80665E4
0x10066610	thumb	func_8066610
0x10066640	thumb	func_8066640
0x10066670	thumb	func_8066670
0x10066680	thumb	func_8066680
0x10066728	thumb	func_8066728
0x100667AC	thumb	func_80667AC
0x100667EC	thumb	func_80667EC
0x10066834	thumb	func_8066834
0x10066854	thumb	func_8066854
0x10066868	thumb	func_8066868
0x1006687C	thumb	func_806687C
0x10066890	thumb	func_8066890
0x100668D0	thumb	func_80668D0
0x100668E4	thumb	func_80668E4
0x100668F8	thumb	func_80668F8
0x10066910	thumb	func_8066910
0x10066924	thumb	func_8066924
0x10066938	thumb	func_8066938
0x10066944	thumb	func_8066944
0x10066950	thumb	func_8066950
0x100669F0	thumb	func_80669F0
0x10066A10	thumb	func_8066A10
0x10066A24	thumb	func_8066A24
0x10066A34	thumb	func_8066A34
0x10066A48	thumb	func_8066A48
0x10066A58	thumb	func_8066A58
0x10066A84	thumb	func_8066A84
0x10066AA4	thumb	func_8066AA4
0x10066B3C	thumb	func_8066B3C
0x10066B64	thumb	func_8066B64
0x10066C74	thumb	func_8066C74
0x10066CB4	thumb	func_8066CB4
0x10066CE0	thumb	func_8066CE0
0x10066D0C	thumb	func_8066D0C
0x10066D2C	thumb	func_8066D2C
0x10066D4C	thumb	func_8066D4C
0x10066D70	thumb	func_8066D70
0x10066D8C	thumb	func_8066D8C
0x10066E10	thumb	func_8066E10
0x10066E30	thumb	func_8066E30
0x10066EB0	thumb	func_8066EB0
0x10066EDC	thumb	func_8066EDC
0x10066F9C	thumb	func_8066F9C
0x10067000	thumb	func_8067000
0x1006701C	thumb	func_806701C
0x1006708C	thumb	func_806708C
0x10067200	thumb	func_8067200
0x10067218	thumb	func_8067218
0x1006723C	thumb	func_806723C
0x1006729C	thumb	func_806729C
0x10067320	thumb	func_8067320
0x10067334	thumb	func_8067334
0x10067348	thumb	func_8067348
0x1006735C	thumb	func_806735C
0x10067378	thumb	func_8067378
0x10067394	thumb	func_8067394
0x100673BC	thumb	func_80673BC
0x100673D0	thumb	func_80673D0
0x100673E4	thumb	func_80673E4
0x10067408	thumb	func_8067408
0x10067470	thumb	func_8067470
0x10067490	thumb	func_8067490
0x100674AC	thumb	func_80674AC
0x1006763C	thumb	func_806763C
0x100676C0	thumb	func_80676C0
0x100676E0	thumb	func_80676E0
0x1006778C	thumb	func_806778C
0x100677B8	thumb	func_80677B8
0x100677DC	thumb	func_80677DC
0x10067800	thumb	func_8067800
0x10067824	thumb	func_8067824
0x10067838	thumb	func_8067838
0x10067894	thumb	func_8067894
0x100678AC	thumb	func_80678AC
0x10067904	thumb	func_8067904
0x10067980	thumb	func_8067980
0x100679A8	thumb	func_80679A8
0x10069734	thumb	func_8069734
0x100697A4	thumb	func_80697A4
0x100697D4	thumb	func_80697D4
0x10069868	thumb	func_8069868
0x100698E4	thumb	func_80698E4
0x10069940	thumb	func_8069940
0x10069960	thumb	func_8069960
0x100699D8	thumb	func_80699D8
0x10069A54	thumb	func_8069A54
0x10069AD0	thumb	func_8069AD0
0x10069B3C	thumb	func_8069B3C
0x10069B74	thumb	func_8069B74
0x10069BC0	thumb	func_8069BC0
0x10069C0C	thumb	func_8069C0C
0x10069D54	thumb	func_8069D54
0x10069E28	thumb	func_8069E28
0x10069F58	thumb	func_8069F58
0x10069F78	thumb	func_8069F78
0x1006A0B0	thumb	func_806A0B0
0x1006A0D0	thumb	func_806A0D0
0x1006A14C	thumb	func_806A14C
0x1006A17C	thumb	func_806A17C
0x1006A198	thumb	func_806A198
0x1006A1B4	thumb	func_806A1B4
0x1006A1FC	thumb	func_806A1FC
0x1006A244	thumb	func_806A244
0x1006A264	thumb	func_806A264
0x1006A2A8	thumb	func_806A2A8
0x1006A2D8	thumb	func_806A2D8
0x1006A2F8	thumb	func_806A2F8
0x1006A320	thumb	func_806A320
0x1006A350	thumb	func_806A350
0x1006A364	thumb	func_806A364
0x1006A378	thumb	func_806A378
0x1006A39C	thumb	func_806A39C
0x1006A3B0	thumb	func_806A3B0
0x1006A3C4	thumb	func_806A3C4
0x1006A3F0	thumb	func_806A3F0
0x1006A41C	thumb	func_806A41C
0x1006A430	thumb	func_806A430
0x1006A444	thumb	func_806A444
0x1006A46C	thumb	func_806A46C
0x1006A4F8	thumb	func_806A4F8
0x1006A510	thumb	func_806A510
0x1006A524	thumb	func_806A524
0x1006A538	thumb	func_806A538
0x1006A56C	thumb	func_806A56C
0x1006A580	thumb	func_806A580
0x1006AF4C	thumb	func_806AF4C
0x1006B3E8	thumb	func_806B3E8
0x1006B410	thumb	func_806B410
0x1006B71C	thumb	func_806B71C
0x1006B810	thumb	func_806B810
0x1006B864	thumb	func_806B864
0x1006BAD0	thumb	func_806BAD0
0x1006BB4C	thumb	func_806BB4C
0x1006BD64	thumb	func_806BD64
0x1006BDF8	thumb	func_806BDF8
0x1006BF04	thumb	func_806BF04
0x1006BF3C	thumb	func_806BF3C
0x1006BF88	thumb	func_806BF88
0x1006C0E8	thumb	func_806C0E8
0x1006C130	thumb	func_806C130
0x1006C21C	thumb	func_806C21C
0x1006C2CC	thumb	func_806C2CC
0x1006C330	thumb	func_806C330
0x1006C5BC	thumb	func_806C5BC
0x1006C694	thumb	func_806C694
0x1006C75C	thumb	func_806C75C
0x1006C828	thumb	func_806C828
0x1006C8E4	thumb	func_806C8E4
0x1006C9D4	thumb	func_806C9D4
0x1006CA00	thumb	func_806CA00
0x1006CCE4	thumb	func_806CCE4
0x1006CF28	thumb	func_806CF28
0x1006D218	thumb	func_806D218
0x1006D3A4	thumb	func_806D3A4
0x1006D3C0	thumb	func_806D3C0
0x1006D4C0	thumb	func_806D4C0
0x1006D5C0	thumb	func_806D5C0
0x1006D730	thumb	func_806D730
0x1006D734	thumb	func_806D734
0x1006D740	thumb	func_806D740
0x1006D75C	thumb	func_806D75C
0x1006D77C	thumb	func_806D77C
0x1006D798	thumb	func_806D798
0x1006D7B8	thumb	func_806D7B8
0x1006D7D8	thumb	func_806D7D8
0x1006D7F8	thumb	func_806D7F8
0x1006D82C	thumb	func_806D82C
0x1006D854	thumb	func_806D854
0x1006D88C	thumb	func_806D88C
0x1006D89C	thumb	func_806D89C
0x1006DAC0	thumb	func_806DAC0
0x1006DD44	thumb	func_806DD44
0x1006DDE4	thumb	func_806DDE4
0x1006DE8C	thumb	func_806DE8C
0x1006DF3C	thumb	func_806DF3C
0x1006DFD8	thumb	func_806DFD8
0x1006E01C	thumb	func_806E01C
0x1006E08C	thumb	func_806E08C
0x1006E1E8	thumb	func_806E1E8
0x1006E2B8	thumb	func_806E2B8
0x1006E2E8	thumb	func_806E2E8
0x1006E3BC	thumb	func_806E3BC
0x1006E420	thumb	func_806E420
0x1006E508	thumb	func_806E508
0x1006E548	thumb	func_806E548
0x1006E598	thumb	func_806E598
0x1006E5D4	thumb	func_806E5D4
0x1006E72C	thumb	func_806E72C
0x1006E780	thumb	func_806E780
0x1006E7F8	thumb	func_806E7F8
0x1006E904	thumb	func_806E904
0x1006EACC	thumb	func_806EACC
0x1006EB78	thumb	func_806EB78
0x1006EBA8	thumb	func_806EBA8
0x1006EC50	thumb	func_806EC50
0x1006ED74	thumb	func_806ED74
0x1006EDFC	thumb	func_806EDFC
0x1006EE98	thumb	func_806EE98
0x1006EFB4	thumb	func_806EFB4
0x1006EFEC	thumb	func_806EFEC
0x1006F058	thumb	func_806F058
0x1006F0D0	thumb	func_806F0D0
0x1006F11C	thumb	func_806F11C
0x1006F1C0	thumb	func_806F1C0
0x1006F2AC	thumb	func_806F2AC
0x1006F2D8	thumb	func_806F2D8
0x1006F328	thumb	func_806F328
0x1006F3B0	thumb	func_806F3B0
0x1006F424	thumb	func_806F424
0x1006F4BC	thumb	func_806F4BC
0x1006F524	thumb	func_806F524
0x1006F650	thumb	func_806F650
0x1006F684	thumb	func_806F684
0x1006F708	thumb	func_806F708
0x1006F794	thumb	func_806F794
0x1006F7CC	thumb	func_806F7CC
0x1006F838	thumb	func_806F838
0x1006F9D8	thumb	func_806F9D8
0x1006FBA4	thumb	func_806FBA4
0x1006FCAC	thumb	func_806FCAC
0x1006FD1C	thumb	func_806FD1C
0x1006FD48	thumb	func_806FD48
0x1006FD74	thumb	func_806FD74
0x1006FF64	thumb	func_806FF64
0x1006FFB0	thumb	func_806FFB0
0x10070098	thumb	func_8070098
0x10070154	thumb	func_8070154
0x100701F4	thumb	func_80701F4
0x10070208	thumb	func_8070208
0x10070248	thumb	func_8070248
0x10070288	thumb	func_8070288
0x100702C8	thumb	func_80702C8
0x10070308	thumb	func_8070308
0x10070348	thumb	func_8070348
0x100703DC	thumb	func_80703DC
0x1007053C	thumb	func_807053C
0x100705D8	thumb	func_80705D8
0x10070748	thumb	func_8070748
0x100708DC	thumb	func_80708DC
0x10070964	thumb	func_8070964
0x10070A84	thumb	func_8070A84
0x10070BB8	thumb	func_8070BB8
0x10070C38	thumb	func_8070C38
0x10070CB8	thumb	func_8070CB8
0x10070D20	thumb	func_8070D20
0x10070D68	thumb	func_8070D68
0x10070DAC	thumb	func_8070DAC
0x10070DE4	thumb	func_8070DE4
0x10070E24	thumb	func_8070E24
0x10070FDC	thumb	func_8070FDC
0x100710D8	thumb	func_80710D8
0x100711E8	thumb	func_80711E8
0x10071238	thumb	func_8071238
0x10071260	thumb	func_8071260
0x100712B4	thumb	func_80712B4
0x100712F8	thumb	func_80712F8
0x10071394	thumb	func_8071394
0x100714F0	thumb	func_80714F0
0x10071598	thumb	func_8071598
0x10071600	thumb	func_8071600
0x10071760	thumb	func_8071760
0x100717AC	thumb	func_80717AC
0x100717E4	thumb	func_80717E4
0x1007180C	thumb	func_807180C
0x10071834	thumb	func_8071834
0x1007185C	thumb	func_807185C
0x100718A0	thumb	func_80718A0
0x100718E4	thumb	func_80718E4
0x10071924	thumb	func_8071924
0x10071964	thumb	func_8071964
0x100719A8	thumb	func_80719A8
0x100719E8	thumb	func_80719E8
0x10071A04	thumb	func_8071A04
0x10071A2C	thumb	func_8071A2C
0x10071AE8	thumb	func_8071AE8
0x10071BC0	thumb	func_8071BC0
0x10071C54	thumb	func_8071C54
0x10071D28	thumb	func_8071D28
0x10071DB8	thumb	func_8071DB8
0x10071E24	thumb	func_8071E24
0x10071F2C	thumb	func_8071F2C
0x10071FB8	thumb	func_8071FB8
0x10072050	thumb	func_8072050
0x100720E8	thumb	func_80720E8
0x1007239C	thumb	func_807239C
0x100723CC	thumb	func_80723CC
0x100725AC	thumb	func_80725AC
0x10072704	thumb	func_8072704
0x10072754	thumb	func_8072754
0x100727F8	thumb	func_80727F8
0x100728C0	thumb	func_80728C0
0x100728E4	thumb	func_80728E4
0x10072964	thumb	func_8072964
0x10072B24	thumb	func_8072B24
0x10072B74	thumb	func_8072B74
0x10072B88	thumb	func_8072B88
0x10072B98	thumb	func_8072B98
0x10072CA0	thumb	func_8072CA0
0x10072D24	thumb	func_8072D24
0x10072E8C	thumb	func_8072E8C
0x10072F0C	thumb	func_8072F0C
0x10072FB0	thumb	func_8072FB0
0x10073418	thumb	func_8073418
0x1007345C	thumb	func_807345C
0x10073880	thumb	func_8073880
0x100738FC	thumb	func_80738FC
0x10073A18	thumb	func_8073A18
0x10073B10	thumb	func_8073B10
0x10073B24	thumb	func_8073B24
0x10073B38	thumb	func_8073B38
0x10073BA0	thumb	func_8073BA0
0x10073BE0	thumb	func_8073BE0
0x10073CDC	thumb	func_8073CDC
0x10073DA4	thumb	func_8073DA4
0x10073E9C	thumb	func_8073E9C
0x10073FD8	thumb	func_8073FD8
0x1007403C	thumb	func_807403C
0x10074088	thumb	func_8074088
0x10074140	thumb	func_8074140
0x100741F0	thumb	func_80741F0
0x100742D8	thumb	func_80742D8
0x10074394	thumb	func_8074394
0x10074808	thumb	func_8074808
0x10074988	thumb	func_8074988
0x10074D9C	thumb	func_8074D9C
0x10074F44	thumb	func_8074F44
0x10074FAC	thumb	func_8074FAC
0x1007507C	thumb	func_807507C
0x100752F0	thumb	func_80752F0
0x10075388	thumb	func_8075388
0x1007569C	thumb	func_807569C
0x10075888	thumb	func_8075888
0x10075974	thumb	func_8075974
0x10075988	thumb	func_8075988
0x10075B50	thumb	func_8075B50
0x10075F44	thumb	func_8075F44
0x100762E4	thumb	func_80762E4
0x10076784	thumb	func_8076784
0x100767DC	thumb	func_80767DC
0x1007687C	thumb	func_807687C
0x1007690C	thumb	func_807690C
0x10076950	thumb	func_8076950
0x10076998	thumb	func_8076998
0x10076A0C	thumb	func_8076A0C
0x10076A54	thumb	func_8076A54
0x10076A90	thumb	func_8076A90
0x10076B48	thumb	func_8076B48
0x10076C00	thumb	func_8076C00
0x10076CD8	thumb	func_8076CD8
0x10076DA0	thumb	func_8076DA0
0x10076E68	thumb	func_8076E68
0x10076E7C	thumb	func_8076E7C
0x10076E90	thumb	func_8076E90
0x10076EA4	thumb	func_8076EA4
0x10076EB8	thumb	func_8076EB8
0x10076ECC	thumb	func_8076ECC
0x10076EF8	thumb	func_8076EF8
0x10076F38	thumb	func_8076F38
0x10076F68	thumb	func_8076F68
0x10076F94	thumb	func_8076F94
0x10076FC0	thumb	func_8076FC0
0x10076FEC	thumb	func_8076FEC
0x10077018	thumb	func_8077018
0x10077044	thumb	func_8077044
0x10077070	thumb	func_8077070
0x1007709C	thumb	func_807709C
0x100770C8	thumb	func_80770C8
0x100770F4	thumb	func_80770F4
0x10077120	thumb	func_8077120
0x1007714C	thumb	func_807714C
0x100771F4	thumb	func_80771F4
0x10077248	thumb	func_8077248
0x10077330	thumb	func_8077330
0x100773F8	thumb	func_80773F8
0x10077440	thumb	func_8077440
0x10077488	thumb	func_8077488
0x100774D0	thumb	func_80774D0
0x10077518	thumb	func_8077518
0x10077560	thumb	func_8077560
0x100775A8	thumb	func_80775A8
0x100775F0	thumb	func_80775F0
0x10077638	thumb	func_8077638
0x10077680	thumb	func_8077680
0x100776C8	thumb	func_80776C8
0x100776F4	thumb	func_80776F4
0x10077720	thumb	func_8077720
0x1007774C	thumb	func_807774C
0x10077778	thumb	func_8077778
0x100777A4	thumb	func_80777A4
0x100777D0	thumb	func_80777D0
0x100777FC	thumb	func_80777FC
0x10077828	thumb	func_8077828
0x10077854	thumb	func_8077854
0x10077880	thumb	func_8077880
0x100778AC	thumb	func_80778AC
0x100778D8	thumb	func_80778D8
0x10077904	thumb	func_8077904
0x10077930	thumb	func_8077930
0x1007795C	thumb	func_807795C
0x10077988	thumb	func_8077988
0x100779B4	thumb	func_80779B4
0x100779E0	thumb	func_80779E0
0x10077A0C	thumb	func_8077A0C
0x10077A38	thumb	func_8077A38
0x10077A64	thumb	func_8077A64
0x10077A90	thumb	func_8077A90
0x10077ABC	thumb	func_8077ABC
0x10077AE8	thumb	func_8077AE8
0x10077B14	thumb	func_8077B14
0x10077B40	thumb	func_8077B40
0x10077B6C	thumb	func_8077B6C
0x10077B98	thumb	func_8077B98
0x10077BC4	thumb	func_8077BC4
0x10077BF0	thumb	func_8077BF0
0x10077C1C	thumb	func_8077C1C
0x10077C48	thumb	func_8077C48
0x10077C74	thumb	func_8077C74
0x10077CA0	thumb	func_8077CA0
0x10077CCC	thumb	func_8077CCC
0x10077CF8	thumb	func_8077CF8
0x10077D24	thumb	func_8077D24
0x10077D50	thumb	func_8077D50
0x10077D5C	thumb	func_8077D5C
0x100781FA	thumb	func_80781FA
0x100782A4	thumb	func_80782A4
0x10078A80	thumb	func_8078A80
0x10078D60	thumb	func_8078D60
0x10078D98	thumb	func_8078D98
0x10078E30	thumb	func_8078E30
0x1007907C	thumb	func_807907C
0x1007915C	thumb	func_807915C
0x10079574	thumb	func_8079574
0x1007983C	thumb	func_807983C
0x10079868	thumb	func_8079868
0x10079890	thumb	func_8079890
0x100798B8	thumb	func_80798B8
0x100798E0	thumb	func_80798E0
0x10079908	thumb	func_8079908
0x10079930	thumb	func_8079930
0x10079958	thumb	func_8079958
0x10079980	thumb	func_8079980
0x1007A380	thumb	func_807A380
0x1007A3D4	thumb	func_807A3D4
0x1007A428	thumb	func_807A428
0x1007A458	thumb	func_807A458
0x1007A46C	thumb	func_807A46C
0x1007A490	thumb	func_807A490
0x1007A4B4	thumb	func_807A4B4
0x1007A528	thumb	func_807A528
0x1007A668	thumb	func_807A668
0x1007A700	thumb	func_807A700
0x1007A824	thumb	func_807A824
0x1007AA4C	thumb	func_807AA4C
0x1007AB8C	thumb	func_807AB8C
0x1007ACCC	thumb	func_807ACCC
0x1007ACDC	thumb	func_807ACDC
0x1007ADFC	thumb	func_807ADFC
0x1007AEF0	thumb	func_807AEF0
0x1007B354	thumb	func_807B354
0x1007B388	thumb	func_807B388
0x1007B3C0	thumb	func_807B3C0
0x1007B420	thumb	func_807B420
0x1007B4D4	thumb	func_807B4D4
0x1007B544	thumb	func_807B544
0x1007B758	thumb	func_807B758
0x1007B808	thumb	func_807B808
0x1007B82C	thumb	func_807B82C
0x1007B940	thumb	func_807B940
0x1007BBD4	thumb	func_807BBD4
0x1007BD90	thumb	func_807BD90
0x1007BF88	thumb	func_807BF88
0x1007C06C	thumb	func_807C06C
0x1007C0D8	thumb	func_807C0D8
0x1007C118	thumb	func_807C118
0x1007C160	thumb	func_807C160
0x1007C24C	thumb	func_807C24C
0x1007CAB8	thumb	func_807CAB8
0x1007CADC	thumb	func_807CADC
0x1007D10C	thumb	func_807D10C
0x1007D294	thumb	func_807D294
0x1007D364	thumb	func_807D364
0x1007D410	thumb	func_807D410
0x1007D4DC	thumb	func_807D4DC
0x1007D5C8	thumb	func_807D5C8
0x1007D628	thumb	func_807D628
0x1007D964	thumb	func_807D964
0x1007DB74	thumb	func_807DB74
0x1007DDCC	thumb	func_807DDCC
0x1007E140	thumb	func_807E140
0x1007E600	thumb	func_807E600
0x1007E644	thumb	func_807E644
0x1007E688	thumb	func_807E688
0x1007E6EC	thumb	func_807E6EC
0x1007E720	thumb	func_807E720
0x1007E768	thumb	func_807E768
0x1007E7B0	thumb	func_807E7B0
0x1007F6B4	thumb	func_807F6B4
0x1007F770	thumb	func_807F770
0x1007F7D0	thumb	func_807F7D0
0x1007F838	thumb	func_807F838
0x1007F8D0	thumb	func_807F8D0
0x1007F924	thumb	func_807F924
0x1007FAA4	thumb	func_807FAA4
0x1007FB20	thumb	func_807FB20
0x1007FD94	thumb	func_807FD94
0x1007FF28	thumb	func_807FF28
0x1007FFD8	thumb	func_807FFD8
0x100800EC	thumb	func_80800EC
0x10080144	thumb	func_8080144
0x1008018C	thumb	func_808018C
0x10080A6C	thumb	func_8080A6C
0x10080D4C	thumb	func_8080D4C
0x10080E94	thumb	func_8080E94
0x10080ED4	thumb	func_8080ED4
0x10080FFC	thumb	func_8080FFC
0x10081060	thumb	func_8081060
0x10081080	thumb	func_8081080
0x100810C0	thumb	func_80810C0
0x1008115C	thumb	func_808115C
0x1008167C	thumb	func_808167C
0x100816A4	thumb	func_80816A4
0x100818E8	thumb	func_80818E8
0x10081A84	thumb	func_8081A84
0x10081BA8	thumb	func_8081BA8
0x10081C58	thumb	func_8081C58
0x10081C8C	thumb	func_8081C8C
0x10081CE0	thumb	func_8081CE0
0x10081FF4	thumb	func_8081FF4
0x10082024	thumb	func_8082024
0x10082428	thumb	func_8082428
0x100825D0	thumb	func_80825D0
0x10082640	thumb	func_8082640
0x100826B0	thumb	func_80826B0
0x10082734	thumb	func_8082734
0x10082AC8	thumb	func_8082AC8
0x10082C48	thumb	func_8082C48
0x10082C98	thumb	func_8082C98
0x10082CE0	thumb	func_8082CE0
0x10082DC4	thumb	func_8082DC4
0x10082ED4	thumb	func_8082ED4
0x10082F60	thumb	func_8082F60
0x10083750	thumb	func_8083750
0x10083798	thumb	func_8083798
0x100838E8	thumb	func_80838E8
0x10083B6C	thumb	func_8083B6C
0x10083BC8	thumb	func_8083BC8
0x10083C24	thumb	func_8083C24
0x10083C94	thumb	func_8083C94
0x10083DDC	thumb	func_8083DDC
0x100845F0	thumb	func_80845F0
0x100846F4	thumb	func_80846F4
0x10084BCC	thumb	func_8084BCC
0x10084C28	thumb	func_8084C28
0x10084CBC	thumb	func_8084CBC
0x10084CF4	thumb	func_8084CF4
0x10084D5C	thumb	func_8084D5C
0x10084DEC	thumb	func_8084DEC
0x10084E10	thumb	func_8084E10
0x10084FCC	thumb	func_8084FCC
0x10085008	thumb	func_8085008
0x1008502C	thumb	func_808502C
0x10085178	thumb	func_8085178
0x100852B4	thumb	func_80852B4
0x100853B0	thumb	func_80853B0
0x1008549C	thumb	func_808549C
0x10085580	thumb	func_8085580
0x10085CA0	thumb	func_8085CA0
0x10085D08	thumb	func_8085D08
0x10085D68	thumb	func_8085D68
0x10085E24	thumb	func_8085E24
0x10086064	thumb	func_8086064
0x10086354	thumb	func_8086354
0x100864B0	thumb	func_80864B0
0x100865A4	thumb	func_80865A4
0x10086648	thumb	func_8086648
0x10086720	thumb	func_8086720
0x1008708C	thumb	func_808708C
0x100870D4	thumb	func_80870D4
0x10087388	thumb	func_8087388
0x10087594	thumb	func_8087594
0x10087A70	thumb	func_8087A70
0x10087ACC	thumb	func_8087ACC
0x10087C10	thumb	func_8087C10
0x10087D1C	thumb	func_8087D1C
0x10087DB0	thumb	func_8087DB0
0x100885B4	thumb	func_80885B4
0x10088830	thumb	func_8088830
0x10088840	thumb	func_8088840
0x10088900	thumb	func_8088900
0x10088EA8	thumb	func_8088EA8
0x10088FF0	thumb	func_8088FF0
0x10089080	thumb	func_8089080
0x100890A0	thumb	func_80890A0
0x100890C0	thumb	func_80890C0
0x10089B9C	thumb	func_8089B9C
0x10089BBC	thumb	func_8089BBC
0x10089BCC	thumb	func_8089BCC
0x10089C64	thumb	func_8089C64
0x10089C98	thumb	func_8089C98
0x10089D4C	thumb	func_8089D4C
0x10089DCC	thumb	func_8089DCC
0x10089E14	thumb	func_8089E14
0x10089E60	thumb	func_8089E60
0x10089E74	thumb	func_8089E74
0x10089FFC	thumb	func_8089FFC
0x1008A33C	thumb	func_808A33C
0x1008A3C0	thumb	func_808A3C0
0x1008A46C	thumb	func_808A46C
0x1008A4F8	thumb	func_808A4F8
0x1008A6E8	thumb	func_808A6E8
0x1008A818	thumb	func_808A818
0x1008A8E4	thumb	func_808A8E4
0x1008AC90	thumb	func_808AC90
0x1008B0E0	thumb	func_808B0E0
0x1008B104	thumb	func_808B104
0x1008B4EC	thumb	func_808B4EC
0x1008B65C	thumb	func_808B65C
0x1008B674	thumb	func_808B674
0x1008B820	thumb	func_808B820
0x1008B9EC	thumb	func_808B9EC
0x1008BA34	thumb	func_808BA34
0x1008BB2C	thumb	func_808BB2C
0x1008BC84	thumb	func_808BC84
0x1008BCA0	thumb	func_808BCA0
0x1008BCF0	thumb	func_808BCF0
0x1008BD5C	thumb	func_808BD5C
0x1008BDE0	thumb	func_808BDE0
0x1008BE4C	thumb	func_808BE4C
0x1008C730	thumb	func_808C730
0x1008C918	thumb	func_808C918
0x1008CA18	thumb	func_808CA18
0x1008CAA8	thumb	func_808CAA8
0x1008CB18	thumb	func_808CB18
0x1008CC24	thumb	func_808CC24
0x1008CC5C	thumb	func_808CC5C
0x1008CFE8	thumb	func_808CFE8
0x1008D028	thumb	func_808D028
0x1008D1F4	thumb	func_808D1F4
0x1008D20C	thumb	func_808D20C
0x1008D2AC	thumb	func_808D2AC
0x1008D2BC	thumb	func_808D2BC
0x1008D394	thumb	func_808D394
0x1008D3C4	thumb	func_808D3C4
0x1008D44C	thumb	func_808D44C
0x1008D5AC	thumb	func_808D5AC
0x1008D648	thumb	func_808D648
0x1008D6D4	thumb	func_808D6D4
0x1008D74C	thumb	func_808D74C
0x1008D7CC	thumb	func_808D7CC
0x1008D824	thumb	func_808D824
0x1008DFD0	thumb	func_808DFD0
0x1008E4DC	thumb	func_808E4DC
0x1008E55C	thumb	func_808E55C
0x1008E834	thumb	func_808E834
0x1008E898	thumb	func_808E898
0x1008E8CC	thumb	func_808E8CC
0x1008E96C	thumb	func_808E96C
0x1008E9B4	thumb	func_808E9B4
0x1008EB88	thumb	func_808EB88
0x1008EC10	thumb	func_808EC10
0x1008ECF0	thumb	func_808ECF0
0x1008ED88	thumb	func_808ED88
0x1008EDFC	thumb	func_808EDFC
0x1008F8E4	thumb	func_808F8E4
0x1008F9E0	thumb	func_808F9E0
0x1008FAF4	thumb	func_808FAF4
0x1008FCE0	thumb	func_808FCE0
0x10090104	thumb	func_8090104
0x10090114	thumb	func_8090114
0x100901C4	thumb	func_80901C4
0x10090374	thumb	func_8090374
0x1009047C	thumb	func_809047C
0x100906B4	thumb	func_80906B4
0x100909B0	thumb	func_80909B0
0x100909C0	thumb	func_80909C0
0x10090A30	thumb	func_8090A30
0x10090A40	thumb	func_8090A40
0x10090E14	thumb	func_8090E14
0x10090EC4	thumb	func_8090EC4
0x10090EE4	thumb	func_8090EE4
0x10090F54	thumb	func_8090F54
0x10090F94	thumb	func_8090F94
0x100910EC	thumb	func_80910EC
0x100911E0	thumb	func_80911E0
0x10091308	thumb	func_8091308
0x1009137C	thumb	func_809137C
0x100914B4	thumb	func_80914B4
0x1009151C	thumb	func_809151C
0x100915A8	thumb	func_80915A8
0x100919D4	thumb	func_80919D4
0x10091A60	thumb	func_8091A60
0x10091A88	thumb	func_8091A88
0x10091ACC	thumb	func_8091ACC
0x10091D7C	thumb	func_8091D7C
0x10091E28	thumb	func_8091E28
0x10091E50	thumb	func_8091E50
0x10091E64	thumb	func_8091E64
0x10091E9C	thumb	func_8091E9C
0x10091F88	thumb	func_8091F88
0x1009200C	thumb	func_809200C
0x10092090	thumb	func_8092090
0x100920F8	thumb	func_80920F8
0x10092168	thumb	func_8092168
0x10092178	thumb	func_8092178
0x10092188	thumb	func_8092188
0x10092248	thumb	func_8092248
0x10092310	thumb	func_8092310
0x1009236C	thumb	func_809236C
0x100923B8	thumb	func_80923B8
0x10092460	thumb	func_8092460
0x100924B0	thumb	func_80924B0
0x10092534	thumb	func_8092534
0x100928E4	thumb	func_80928E4
0x10092914	thumb	func_8092914
0x100929C4	thumb	func_80929C4
0x10092B30	thumb	func_8092B30
0x10092CC4	thumb	func_8092CC4
0x10092D2C	thumb	func_8092D2C
0x10092DA0	thumb	func_8092DA0
0x10092DEC	thumb	func_8092DEC
0x10092DFC	thumb	func_8092DFC
0x10093084	thumb	func_8093084
0x100930B8	thumb	func_80930B8
0x1009315C	thumb	func_809315C
0x10093268	thumb	func_8093268
0x1009329C	thumb	func_809329C
0x100938EC	thumb	func_80938EC
0x100946AC	thumb	func_80946AC
0x10094C00	thumb	func_8094C00
0x1014F604	arm	sub_0814F604
0x1014F7EC	thumb	sub_0814F7EC
0x1014F80A	thumb	sub_0814F80A
0x1014F890	thumb	sub_0814F890
0x1014F8AC	thumb	sub_0814F8AC
0x1014F8AE	thumb	sub_0814F8AE
0x1014FA34	thumb	sub_0814FA34
0x1014FCE0	thumb	sub_0814FCE0
0x1014FFC0	thumb	sub_0814FFC0
